user_name,user_app_rating,user_review_date,company_comment_date,user_comment,company_answer_check
오오오,1,2019년 12월 27일,2019년 12월 29일,"이용해본 바로 추천 드리지 않습니다. 수수료와 증권사 투자 대상 금액을 입금하기 전까지는 투자할 상품과 예상 이율을 전혀 알 수 없는 깜깜이 투자입니다. 몇일 전 수수료 입금 직후, 증권사 계좌 화면이 사라져 다시 확인이 안되었습니다. 화면 기획이 잘 못 되어 있는 것 같습니다. 때문에 저는 자문도 못 받고 수수료도 돌려받지 못하는 상황 속에서 환불 문의를 남겼고 친절한 직원과 통화를 하고 문제를 해결하려는 찰나, 자기가 창업자이자 대표 이지* 라며 갑자기 사람이 양해도 없이 갑자기 전화를 바꾸더니 서비스 받고 돈을 돌려달라는 거냐, 따져 물어서 ""자문 서비스를 아직 못 받았다""고 하니 그 말이 기분이 나쁘다며 심하게 화를 냈습니다. 너무 당혹스러웠네요... 하도 흥분하며 소리를 질러 예의를 지키시라고 했지만, 혼자 소리질렀다 전화를 끊었다 난리도 아니었습니다. 저는 지금도 제가 무슨 말을 했다고 이렇게 하셨는지 전혀 이해가 되지 않는데, 고객 을 어떤 식으로 대하는지는 정확히 느꼈습니다. 소중한 투자금을 투자하시는 분들은, 어떻게 해야 할지 고민해 보시기 바랍니다. 자문 안 받은 상태에서 환불해 달라고 문의하시면 대표와 직접 전화 통화를 하실 수 있으며, 잘못한 것도 없이 하루 종일 기분이 더러우실 수 있습니다. 이 상황이 되고 후기를 보니 후기에 이렇게 감정적인데 어떻게 투자 자문을 제대로 하겠냐는 후기가 무슨 뜻인지 알 것 같습니다. 굳이 하시려거든 다른 1점짜리 후기들에도 눈에 띄는 내용들이 많으니 한번 보시기 바랍니다.",answer
한병호,5,2019년 12월 8일,no_answer,"알고리즘을 통해 투자목적에 맞는 적정한 자산배분을 가이드해주고 수익으로 실현해 나가는 방식이 좋은것같습니다. 단기간의 무리한 투자를 부추기기보다는 주식/채권/분산, 안정적인 종목선택.정기배당 중심으로 투자를 장기적, 지속가능하게 이끌어내는 것도 맘에 드는 부분이고요. 다만 allocation에 있어 달러비중이 너무 높은것같다는 우려는 풀어야할 부분인것같습니다. 저도 미국관련 채권/현금에 거의 50% 비중을 할당받알는데 원화가 급격한 강세로 전환될 경우의 헷지가 마땅치 않아보입니다. 일부 자산항목에 대해 제한적이나마 allocation 조정이 가능할수 있게해준다면 로보어드바이저의 가이드를 바탕으로 개인의 투자성향을 좀더 잘 반영할 수있을것같습니다",no_answer
조홍래,5,2019년 12월 7일,2019년 12월 11일,"1년 넘게 AIM을 사용중입니다. 처음 계좌를 만들때 부터 연계된 증권 계좌를 쉽게 만들수있었고 환전까지 알아서 앱으로 할수있어서 편했습니다. 수익률도 1년 은행이자 이상이 배당으로 나올 뿐 아니라 , 꾸준하게 성장하는 모습을 보여줍니다. 미국 시장이나 해외 시장에 투자를 하고는 싶지만 잘 모르겠고... 어떻게 해야 할지 몰랐었지만 AIM을 통해 해외시장 , 달러기반의 든든한 포트폴리오를 만들수 있었습니다. 앞으로도 잘 부탁드립니다.",answer
송영진,5,2019년 12월 7일,no_answer,AIM 124일차입니다! 확실히 AIM에서 밀고나가는 전략대로 분산 투자를 통해서 안정적인 수익을 얻고 있어요~ 경기 변동에 코스피지수가 흔들리더라도 시중 은행 금리보다 더 높은 금리를 얻을 수 있다는 점은 큰 메리트에요. 무엇보다 바쁜 직장인으로써 신경을 쓰지 않아도 꼬박꼬박 돈이 쌓이는게 참 좋은거같아요. 굳이 단점이라면 투자하는 국가나 대상이 자율권이 아예 없다는 정도에요. 아 AIM 담당자님!! 금에 자율적으로 투자 가능하도록 서비스 나오면 좋을것 같아요! 항상 좋은 서비스 감사합니다.,no_answer
seo yoojin,1,2019년 12월 28일,2019년 12월 29일,와 정신 나갔네 진짜 ㅡㅡ 가입하자마자 주식투자 문자 겁나 쏟아져? 유투브에서 말도 차분히 하고 어자피 목돈보다 소액투자 늘리겠다는 목적으로 가입했는데 은행 적금보다도 안 좋네? 은행적금은 은행사에서 적금 광고 생각보다 적은데 여기는 주식 광고 계속 쏟아져 정신 나갔나요? 진짜?? 당신들 사기꾼이지!! 사기친다고 국민신문고에 민원 넣는다!!,answer
김동은,1,2019년 12월 28일,2019년 12월 29일,결국 수수료떼먹기네요 진정한투자는 스스로 공부하며 하는거라생각되네요,answer
오오오,1,2019년 12월 27일,2019년 12월 29일,"이용해본 바로 추천 드리지 않습니다. 수수료와 증권사 투자 대상 금액을 입금하기 전까지는 투자할 상품과 예상 이율을 전혀 알 수 없는 깜깜이 투자입니다. 몇일 전 수수료 입금 직후, 증권사 계좌 화면이 사라져 다시 확인이 안되었습니다. 화면 기획이 잘 못 되어 있는 것 같습니다. 때문에 저는 자문도 못 받고 수수료도 돌려받지 못하는 상황 속에서 환불 문의를 남겼고 친절한 직원과 통화를 하고 문제를 해결하려는 찰나, 자기가 창업자이자 대표 이지* 라며 갑자기 사람이 양해도 없이 갑자기 전화를 바꾸더니 서비스 받고 돈을 돌려달라는 거냐, 따져 물어서 ""자문 서비스를 아직 못 받았다""고 하니 그 말이 기분이 나쁘다며 심하게 화를 냈습니다. 너무 당혹스러웠네요... 하도 흥분하며 소리를 질러 예의를 지키시라고 했지만, 혼자 소리질렀다 전화를 끊었다 난리도 아니었습니다. 저는 지금도 제가 무슨 말을 했다고 이렇게 하셨는지 전혀 이해가 되지 않는데, 고객 을 어떤 식으로 대하는지는 정확히 느꼈습니다. 소중한 투자금을 투자하시는 분들은, 어떻게 해야 할지 고민해 보시기 바랍니다. 자문 안 받은 상태에서 환불해 달라고 문의하시면 대표와 직접 전화 통화를 하실 수 있으며, 잘못한 것도 없이 하루 종일 기분이 더러우실 수 있습니다. 이 상황이 되고 후기를 보니 후기에 이렇게 감정적인데 어떻게 투자 자문을 제대로 하겠냐는 후기가 무슨 뜻인지 알 것 같습니다. 굳이 하시려거든 다른 1점짜리 후기들에도 눈에 띄는 내용들이 많으니 한번 보시기 바랍니다.",answer
이보영,3,2019년 12월 26일,2019년 12월 26일,광고도 많이 나오고 궁금하기도 해서 설치해봤는데 계좌를 개설해야하는 것으로 나오는 것같네요. 요즘 토스에서도 p2p투자를 많이 하는것으로 아는데요. 예금자보호는 되지 않는 것으로 알고 있습니다. 은행에 예금하면 예금자보호가 되는데 에임에 계좌개설하면 예금자보호가 되는지 궁금합니다.,answer
라비에벨,1,2019년 12월 24일,2019년 11월 26일,비대면 계좌개설이 안되네요. 신분증 촬영시 인식을 못합니다,answer
이호재,1,2019년 12월 24일,2019년 12월 24일,주식스팸 문자 계속 날라옵니다 전화도 오고 짜증나네요,answer
H Lee,5,2019년 12월 20일,2019년 12월 20일,국내 투자 포션이 너무 커서 안정적인 투자배분을 위해 찾다가 몇달전 가입한 AIM. 제가 찾던 금융투자 서비스네요. 어제 Monthly AIM 참석해서 직접 대표님 설명듣고 궁금했던 부분 답을 얻고나니 더 신뢰가 생겼습니다. 목표 비중까지 천천히 채워가려합니다. 항상 초심처럼 좋은 회사로 발전하길 기대해봅니다.,answer
김영준,3,2019년 12월 20일,2019년 12월 20일,앱진행에 있어서 갑자기 자문계약서가 나와서 당황.. 기초적 설명이나 진행 절차를 바꾸는게 좋아보임.. 엄청 대단한 조항은 없겠으나 그래도 UI 두세개 넘기니 자문계약서 체결하라는게 나와서 좀 그랫음,answer
장원섭,5,2019년 12월 20일,2019년 12월 20일,대표님의 노하우와 에이머들의 피해를 최소화하고자 노력 하시는 대표님의 소신을 설명회를 통해 느낄수있어 만족스럽게 이용할것같아요!^^,answer
Joshua Chang,5,2019년 12월 20일,2019년 12월 20일,제가 찾던 단기 운용이 아닌 장기로 확실한 로드맵을 갖고 운영하는 투자자문 앱입니다,answer
김미진,5,2019년 12월 19일,2019년 12월 20일,자산투자에 진정있는 설명회 잘듣고 신뢰하게 되었습니다.,answer
나니아,5,2019년 12월 19일,2019년 12월 20일,투자가 중요한 시기에 다양하고 일반인이 쉽게 접할수 없는 금융지식을 잔달해주는 유익한 사이트입니다.,answer
김창우,1,2019년 12월 18일,2019년 12월 20일,1개도 아깝다 가입 후 광고 문자에 메일에 스트레스 만땅,answer
이영준,3,2019년 12월 18일,2019년 12월 18일,제가 학생인데 돈이 필요해서 시작하려는데 겁나내요...이런거에 지식이 하나도 없어도 잘 할수있나요?...ㅠㅠ 그리고 초기비용이 드나요? 또 가입하는 절치밟다가aim saving 부분에서 500 만원 이체? 서비스 이용료로 5만원을 내는건가요? 하나도 모르겠어요 ㅠㅠ 돈도 많이 없는데 막 적자나면 빨간딱지 붙는거 아닌가하는 생각도 들어서 시작하기 두렵네요 ....어떻하죠?,answer
네크로맨서,1,2019년 12월 18일,2019년 12월 18일,말만알고니즘 수수료 빼먹애,answer
william son,1,2019년 12월 18일,2019년 12월 18일,검찰조사도 아니고 가입도 하기전에 뭘 그렇게 많이 캐 묻는지 짜증나서 삭제,answer
flame91,1,2019년 12월 17일,2019년 12월 17일,광고 짜증나네요. 아주머니 얼굴 좀 그만 봤으면..,answer
김준성,5,2019년 12월 16일,2019년 12월 17일,이제 막 취업을 해 재테크에 한창 관심이 있던 시기에 에임을 만나게 됐습니다. 왠지모를 신뢰감과 믿음직한 사장님?의 영상들을 보면서 한번 투쟈ㅐ 봐야겠다고 생각했습니다. 투자수익과 더불어 조금씩이지만 매달 꽂히는 배당금을 보며 정말 긴 호흡으로 자산관리를받으면 좋은 수익률을 얻을수 있겠다는 생각이 들었습니다. 아직 반년밖에 되지않아 수익률은 거의 없지만 투자 시작이후 계속되는 환율하락때문에 큰 손해를 입을수도 있었던 상황에서도 거의 원금이 유지되는 것을보고 한번더 믿고 가볼만 하겠다는 생각이 들었습니다. 앞으로 많은 시간 함께할 에임 저만알기 아쉬워서 몇자 끄적여봅니다.,answer
박스타,1,2019년 12월 16일,2019년 12월 16일,"첫 투자에 300만원을 걸고 시작한다는건 매우 도발적인 정책이라고 생각됨. 소액을 넣어서 실질적인 이익이 발생하는지 직접 체감하고 그후에 300만원을 요구해도 늦지 않아 보이는데 진입장벽이라던가 백만원대가 넘는 금액 자체가 리스크라고 생각되네요. 정부에다가 등록한 믿음가는 회사니까 우리회사에 300맡겨놓으라고 한다면 과연 몇명이 맡겨놀가요? W은행도 우리나라 5대 은행인데도 그 난리가 터졌고 , 모펀드관련 회사가 주가 하락으로 투자자에게 자금 반환이 안되는 사태들이 발생하는데 충분히 투자자로서 보수적으로 관심을 갖고 리스크를 얹어서 투자하는거에 비해 수익률도 체감할정도로 높지도 않은거 같고. 마치 하이리스크 로우 리턴이 이런것도 포함이 되지 않을까 라는 생각들...선배금융인들이 만든 인식때문인지 투자하기 꺼려지는데 이를 위한 정책이나 대응책 보완책이라던가 보증제도 라던가...뭔가 필요하지 않을까 싶네요. 그런게 존재하다면 얼마든지 별점 올릴 의향 있습니다.",answer
이지훈,5,2019년 12월 15일,2019년 12월 16일,긴말 필요 없을 듯 단연 최고!,answer
멋진하루화이팅,1,2019년 12월 14일,2019년 12월 16일,일단 돈입금하시고 시작할께요 돈이없으요 ㅠㅠ,answer
남이구복,4,2019년 12월 14일,2019년 12월 16일,한달 정도 에임에서 자산관리하고 있습니다. 내년에는 겨울이 예상되기 때문에 시장에서 버티기 위해서 에임을 사용하고 있습니다.내년 투자 수익을 보고 추가 입금을 하겠지만 현재까지는 만족스럽습니다. 내년 시장상황을 감안할때 기대 수익은 2% 정도 입니다,answer
byoungsu Kim,5,2019년 12월 13일,2019년 12월 16일,투자 어플중에서 굉장히 직관적이고 이해하기 쉽고 특히 대표님 동영상과 글들이 신뢰도가 가서 바로 500만원 투자하였는데 계속해서 쌓이는 수익에 기쁩니다 ㅎ,answer
신비한동물백과사전,5,2019년 12월 13일,2019년 12월 13일,저는 주식투자로 씨드금 비율 연 40프로 수익내는 사람인데 주식공부유튜브 볼때마다 계속 떠서 들어와봤습니다만.. 나중에 제 자산의 일부정도는 궁금해서 어떻게 돌아가는지 투자해보겟소,answer
Gang Chun,4,2019년 12월 12일,2019년 12월 13일,"알아서굴려주는투자, 에스더의현명함이 믿음이됩니다",answer
Steve Eom,5,2019년 12월 12일,2019년 12월 13일,"280일 이상 사용중입니다. 처음엔 친구 추천으로 기술적인 부분이 궁금하여 시작했는데 지금은 제가 관여하는거 하나 없이 믿고 맡겼을때 12% 이상의 (원화기준) 수익율을 기록하고 있습니다. 개인 투자도 병행하지만 업무가 바쁘고 정신없을 땐 챙기기 힘든 현실적인 어려움이 있습니다. 에스더 알고리즘의 안정적인 자산 운용에 기다리기만 하면 수익이 나는 모습에 신기하고 감사합니다:) 그래서 추가입금도 과감히 진행할 수 있었네요^^ 에임 임직원 분들도 앞으로도 잘 부탁드리고, 오프라인 미팅 때 또 뵙고 싶습니다! 감사합니다.",answer
서호성,1,2019년 12월 11일,2019년 12월 12일,흠...생각하고 까세요,answer
호롤롤로,3,2019년 12월 11일,2019년 12월 11일,어떤 전략을 쓰는지 알려주셔야 믿고 쓰던가말던가 하죠. 추가로 몇십년 이상의 기간으로 백테스트 자료도 제시해야할 것 같은데요.,answer
sh lee,5,2019년 12월 11일,2019년 12월 11일,강추합니다. 사용자가 제일 힘들어하는 부분이 관리인데요. 무심하게 그냥 넣어두고 모른척 하시면 큰 도움 될듯합니다. 최근 보험사들 저축정보를 보니 달러로 전환하는 형태가 많이 보입니다. 두발 빠른 에임선택은 후회없으실겁니다!,answer
정지현,1,2019년 12월 10일,2019년 12월 11일,뭔 돈많이벌면 부자들이 알아서 돈보따리싸들고올껀데 광고만 넣는거 보니ㅋㅋㅋㅋㅋ,answer
Jonghyub Kim,5,2019년 12월 10일,2019년 12월 11일,에이머 2달째 유저입니다. 벌써 2번의 배당을 받았네요 개인적으로 주식도 하는데 주가가 계속 떨어져서 에임 비중을 늘리려고 합니다. 앞으로도 지금과 같은 수익률과 안정성 부탁드려요!,answer
달에사는언니,5,2019년 12월 10일,2019년 12월 10일,주식을 잘 모르는 사람도 어렵지 않게 투자 할수 있는 최고의 알고리즘 어플이라고 생각합니다. 100세 시대에 연금보다 더 나은 가장 확실한 투자 방법,answer
이정,5,2019년 12월 9일,2019년 12월 9일,Cma만 알던 나. 6개월의 고심끝. 외국 주식투자를 쉽게 하도록 도와준 앱. 너무 쉬워서 조금씩 추가입금 하고 있다 ㅋ,answer
신영주,5,2019년 12월 8일,2019년 12월 9일,"지금 거의 10개월정도 이용하는데 시중은행 예금보다 잘 나오고 이 회사가 망한다해도 해외 주식,채권을 산거라서 내 돈이 없어지지도 않아요. 앞으로도 좋은 알고리즘 부탁드려요",answer
Subin LEE,5,2019년 12월 8일,2019년 12월 9일,"해외 주식, 특히 미국배당주와 ETF에 관심을 가지고 있던 중 지인의 소개로 알게된 AIM은 제 삶에 많은 변화를 가져온 것 같습니다. 직접투자도 하고있지만, AIM처럼 선진국/신흥국 시장, 채권과 주식, 금과 달러 등 방대한 범위를 모두 관리하는 것에는 한계가 분명 존재합니다. 1%의 수수료로 이런 다양한 포트폴리오 분배가 가능한 것이 AIM의 가장 큰 장점인 것 같습니다. 또한, 월마다 입금되는 배당금 역시 삶에 에너지를 불어넣어 줍니다. 아직 티끌에 불과한 배당금이지만, 장기적인 시각에서 점차 투자를 확대할 계획중에 있으며, 경제적 자유의 꿈을 꾸게 해준다는 것에 큰 감사를 느낍니다. 앞으로 Multi AIM 기능까지 추가되면, AIM과 함께 준비하는 꿈들이 더 많아지고, 그만큼 더 노력하는 삶을 살아갈 수 있을 것 같네요. 직관적인 UI도 좋고, 개발자분들이 많은 노력을 하신 게 보입니다. 매일 오전 AIM과 함께 하루를 시작하며 기쁨을 느낍니다. 항상 감사합니다.",answer
Jiyoung Kim,5,2019년 12월 8일,2019년 12월 9일,AIM은 쉽다. 심플하다(꼭 알아야할 사항만 있다). 은행저축이자라는게 있나요? 그게 뭐죠? 라고 묻는 당신이라면 또는 쥐꼬리만한 은행이자를 보고 한숨쉬는 당신이라면 바로 설치각! 그나저나.별은 왜 5개밖에 없는지 열개주고 싶은데..,answer
한병호,5,2019년 12월 8일,no_answer,"알고리즘을 통해 투자목적에 맞는 적정한 자산배분을 가이드해주고 수익으로 실현해 나가는 방식이 좋은것같습니다. 단기간의 무리한 투자를 부추기기보다는 주식/채권/분산, 안정적인 종목선택.정기배당 중심으로 투자를 장기적, 지속가능하게 이끌어내는 것도 맘에 드는 부분이고요. 다만 allocation에 있어 달러비중이 너무 높은것같다는 우려는 풀어야할 부분인것같습니다. 저도 미국관련 채권/현금에 거의 50% 비중을 할당받알는데 원화가 급격한 강세로 전환될 경우의 헷지가 마땅치 않아보입니다. 일부 자산항목에 대해 제한적이나마 allocation 조정이 가능할수 있게해준다면 로보어드바이저의 가이드를 바탕으로 개인의 투자성향을 좀더 잘 반영할 수있을것같습니다",no_answer
Jun Young Kim,5,2019년 12월 7일,2019년 12월 9일,부담없는 금액으로 장기적으로 꾸준히 재테크를 할 수 있도록 잘 이끌어주는 어플이고 알고리즘인 것 같습니다~ 매달 추가입금으로 적금처럼 관리할 수도 있어서 좋고 해외 투자 내용도 보기 쉽게 정리가 되어있어서 너무 좋네요~~ 앞으로도 꾸준히 이용해서 장기적으로 투자할 계획입니다~,answer
곰아빠,5,2019년 12월 7일,2019년 12월 9일,편안한투자! 스트레스 없고 걱정없는 투자를 원하신다면 에임으로 오세요. 신경쓰지 않아도 당신의 재산은 불어납니다. 에임과 함께한지 3개월지났습니다. 매우 만족합니다. 자산 포트폴리오 구성측면에서 가입하여 투자하였는데 후회없는 선택이였습니다.,answer
홍은지,4,2019년 12월 7일,2019년 12월 9일,대체적으로 만족합니다. 투자 스타일을 반영하여 개별종목이 아닌 etf에 투자하는 것이 안정적이며 직접적으로 신경쓰지 않아도 되는 점또한 만족스럽습니다.,answer
Jeehae Um,5,2019년 12월 7일,2019년 12월 9일,"에임덕분에 금융 투자에 대한 좋은 기억을 쌓아가고 있는 것 같아요♥ 글로벌 투자에 대한 관심은 많았었는데 상위 1퍼센트의 자산관리를 이렇게 손쉽고 안전하게 운영되는 투자 플랫폼이 있어서 얼마나 감사한지 모르겠고, 에임에서 앞으로도 많은 분들이 금융 투자를 잘 해내는 성공 경험을 많이 쌓아갈 수 있으면 좋겠어요 에임 스텝분들, 좋은 마음으로 어려운 사업을 시작하신 대표님과 모든 에이머들 화이팅입니다♥!",answer
Ki-Tae Ko,5,2019년 12월 7일,2019년 12월 9일,Slow is smooth smooth is fast 다양한 자산에 분산투자해서 그런지 변동성이 확실히 적어서 저 같은 쫄보에겐 좋은 투자방법인 것 같습니다,answer
김기환,5,2019년 12월 7일,2019년 12월 9일,주식에 대해 거진 아무것도 몰랐던 저에게 손쉽게 주식이란 분야에 대해 입문할 수 있게 해주었고 또한 따로 관리를 안해도 하나부터 열까지 관리를 해주는 시스템이 아주 편리하고 스마트한 어플이라고 생각합니다,answer
곽훈,5,2019년 12월 7일,2019년 12월 9일,부모님을 부양할 수 없는 상황이고 부모님께서도 관리를 하실 수 없는 상황입니다. 자산관리를 효과적으로 할 수 있는 탁월한 대안으로 에임을 추천합니다.,answer
Dong kyu Lee,5,2019년 12월 7일,2019년 12월 9일,여유자금을 장기적인 안목으로 속편히 투자가능,answer
허경,3,2019년 12월 7일,no_answer,자동이체 입금 기능이 있으면 좋겠어요,no_answer
안상우,3,2019년 12월 7일,2019년 12월 9일,지금 가입단계인데요. 마지막에 입금하라고 나오는데 AIM에 입금하고 회사에서 운용하는 방식인가요? 그냥 입금만 한다는게 조금 황당했습니다. 입금에 대한 설명이 전혀없어요.,answer
길남훈,5,2019년 12월 7일,2019년 12월 9일,"처음 에임을 알게되었을때는 반신반의도 아니고 의심만 가득해서 1개월정도 검색하고 지켜보다가 시작했습니다. 8월쯤 환율이 높을 때 시작하여서 점점 떨어지는 환율에 좀 더 기다렸다 할 걸 하며 후회도 했었습니다. 하지만 에임이 추구하는 긴 호흡을 생각하면서 기다리다보니 하락세는 점차 줄어들면서 현재는 수익률이 점점 올라가고 있습니다ㅎㅎ 주변지인들에게 에임을 소개할 때 못믿겠다, 니 수익률을 봐라 하면서 무시하던 지인들에게 점차 변화되는 저의 그래프를 보여주니 지인들의 무시는 에임에 대한 관심으로 변하더라구요! 제가 에임을 사용하면서 느낀 제일 좋은 장점!! 1. 투자관련 지식이 없어도 가능! 알아서 배분하고 리밸런싱 해주니깐! 2. 월 마다 들어오는 배당수익! 3. 계약간 수수료 환급금! 에임 최고!😀",answer
김동훈,5,2019년 12월 7일,2019년 12월 9일,"투자에 관심있지만 시간적인 여유가 없었는데, AIM이 추전하는 나에게 맞는 포트폴리오대로 하니 쉽고 관리도 대신해주니 신경도 덜 써도 되고 좋습니다 적극 추천합니다",answer
최승민,5,2019년 12월 7일,2019년 12월 9일,이젠 투자는 필수인 시대가 오는데 정작 나는 어찌 투자를 해야할지 몰라 고민할 때 등장한 혜성같은 앱.. 내 투자 자산 상황을 한 눈에 볼 수 있어 편리하고 앱도 잘 돌아가도 편해요!!,answer
전종우,5,2019년 12월 7일,2019년 12월 9일,AIM과 함께 처음으로 긴 호흡 투자에 눈을 뜨게 되어 감사합니다. 많은 분들이 좋은 결과를 가져가셨으면 좋겠습니다~,answer
Yoon Ho Nam,5,2019년 12월 7일,2019년 12월 9일,"일터에서 바쁘고 주말에는 인생을 즐기기에 바쁜 사회초년생에게 있어, 합리적인 투자의 기준이자 마지노선 이라고 생각합니다. 직접 투자를 해 보자니 아는것이 없어 막막하고, 그렇다고 저축만 하자니 미래 걱정을 하지 않는 것 같아 막막하던 때, 에임을 시작하게 되었습니다. 나의 자산을 단순히 맡기는 것을 넘어서, 나의 돈이 어디에 투자되고 왜 그것이 가장 효과적인 투자 방식인지 지속적으로 안내를 주기에 에임에 대한 신뢰가 생기기 시작했습니다. 더불어, 해외 ETF 및 배당금 등 다소 생소한 용어들도, 에임이 상세히 제공하는 친절한 설명 섹션 덕분에 투자에 대한 이해도도 증진할 수 있었다는 점에서 투자에 대한 자신감 또한 커졌습니다~! 앞으로도 내 자산관리 플랫폼, 그리고 투자 공부 수단으로써 에임을 애용할 예정입니다 :) 모두 AIM하세요!!",answer
D D-,5,2019년 12월 7일,no_answer,"20대 후반에 취직하고 나서 어떻게 하면 내가 가지고 있는 자산을 적극적으로 증식시킬 수 있을지 고민을 많이 했어요. 금수저가 아니라서 현재 버는 돈으로는 앞으로의 미래를 설계하기에는 턱없이 부족했기에, 어떤 재테크 방법을 선택해야 할까 하면서 주식투자, 국민연금, 적금, 보험 등을 활용했습니다. 그러나 주식투자는 순식간에 몇십만원에 날아가는 것을 본 이후 그만 두었고, 어느 날 유튜브 광고로 이지혜 대표님이 AIM에 관한 설명을 하는 것을 보았어요. 광고는 원래 skip하는데 금융관련해서 관심이 있어 끝까지 보고 난 다음에 '그래 내가 찾던 게 바로 이거야' 하면서 다운로드 받았죠. AIM이 무엇인가에 대한 글들을 꼼꼼이 읽어보고 AI를 통한 저리스크 고효율 투자라는 점이 마음에 들어서 4개월 전에 500만원을 바로 투자했습니다. 현재까지의 결과는 너무 만족이고 추가로 천만원정도 추가입금 할 예정입니다. 궁금한 점은 문자로 usd배당금이 입금됐다하는데 어떻게 활용하는지 궁금합니다.",no_answer
문석호,5,2019년 12월 7일,2019년 12월 9일,AIM을알게된후장기투자의믿음을갖고새로운경험을하게되어감사드립니다.,answer
Jooup Kim,5,2019년 12월 7일,2019년 12월 9일,혼자서도 내 자산을 현명하게 관리할수 있는 AIM. 적극 추천 드립니다.,answer
Hwang Ryu,5,2019년 12월 7일,2019년 12월 9일,심플하지만 꼭 필요한 기능만 있어요,answer
bo song,5,2019년 12월 7일,2019년 12월 9일,"개인적으로 상장 / 비 상장 주식 및 채권 다양한 재테크를 이용하지만 지난 1년 동안은 수익인 종목 보다 손해인 종목이 많고 전체 수익률도 마이너여서 매몰비용만 쌓여 가고 있는 중 AI 및 딥러닝에 관심이 많아 핀테크에 기웃거리다 우연히 알게된 이지혜 대표님의 자신있는 인터뷰에 모습에 매료되어 에이머로 시작한지 1년이 조금 안 되었네요. 경제 상황에 맞게 flexible하면서 안정적으로 운영이 되어 마음편안한 투자라는 점, 현 수익률 및 자산 분배 포트폴리오 등을 한 눈에 볼 수 있는 UI, 그리고 고객들에게 신뢰를 주는 지속적인 소통 이 모든 점들이 마음에 들어 매우 공격적이였던 제 투자 성향임에도 불구하고 롱런 에이머가 되려고 합니다. 모두 성공 투자 하십시오~",answer
김동우,5,2019년 12월 7일,2019년 5월 2일,최고의 로보어드바이저 투자! 길게 보고 마음 졸이지 않는 투자의 최고봉. 에임입니다.,answer
11그분,5,2019년 12월 7일,2019년 12월 9일,고수익은 아니나 시장 급변에도 안정적 수익가능한 솔루션,answer
잔디패랭이,5,2019년 12월 7일,2019년 12월 9일,자주자주 동영상 자료 올려주세요,answer
꿈꾸는비둘기3호,5,2019년 12월 7일,2019년 12월 9일,"약 6개월 정도 믿고 투자 하고 있습니다. 제가 운이 좋은것 일 수 있는데, 손실난적 없고 배당금도 쏠쏠합니다. 추천할게요",answer
jihyuk Lee,5,2019년 12월 7일,2019년 12월 9일,"유난히 변동성이 심했던 2018, 2019년에 원래 개인적으로 하던 자산운용 방식에 한계를 느껴가던 중에 만난 에임의 첫인상은 깔끔한 색깔의 앱이었습니다. 큰 기대없이 시작한 에임이었지만 격랑의 시간이 지나면 지날수록 이제는 제일 골도 꽤 넣어주는 든든하고 믿음직한 수비수같은 느낌이 드네요. 앞으로도 잘 부탁드려요. 에임팀 모두 파이팅.",answer
김동현,5,2019년 12월 7일,2019년 12월 9일,3개월 정도 투자중인데 틈틈히 배당금도 들어오고 수익률도 꾸준히 나고 있어 만족하고 있습니다 미국ETF에 이렇게 저렴함 수수료로 투자하면서 수익률과 수익안정성 두마리 토끼를 다 잡을 수 있어서 요새같은 저금리 시대에 너무 좋은 투자앱이라고 생각합니다,answer
Yw J,5,2019년 12월 7일,2019년 12월 9일,"엄두도 내지 못한 해외주식 투자를 간편하게 할 수 있게 되었고, 포트폴리오를 통한 체계적인 자산관리를 할 수 있어 적극 추천 드립니다.",answer
최숙현,5,2019년 12월 7일,2019년 12월 9일,"낮은 은행금리에 저금을 많이하고 모아도 묶어두는 기능밖에 못하는 경제에 제테크를 어떻게해야할지 늘 고민하던중. 우연히 광고를 통해 에임을 보게되고 관심을 갖게되었습니다. 요샌 적금도 적금이지만 투자 또한 함께 해야한다고 생각하고있거든요ㅎㅎ. 정보와 지식이 부족한 저에게는 쉽고 편리하게 투자를 할 수 있는 좋은 기회였습니다. 아직까지도 이해도가 부족하지만 매일매일 확인하고, 이해하고 알아가려고 찾아보고 검색도 해봅니다 ㅎㅎ 시작한지 얼마 안되어 조금씩 배당수익과 올라가는 수익률을 보며 뿌듯함을 느끼고 있습니다 ^^ 오래도록 좀 더 지켜봐야겠지요 ㅎㅎ",answer
kh leem,5,2019년 12월 7일,2019년 12월 9일,"사용 후 두 달정도 되었습니다. 처음 한 달 간 정말 맘 편히 묶어둘 수 있겠다 싶었고 두 달 째 추가납입까지 한 상태입니다. 매달 조금씩 추가납입을 더 할 예정이에요! 그 동안 친구추천 이벤트로 이용료 할인 받을 수 있어 좋았어요! 미리 알았더라면 이벤트 종료전에 더 많이 추가납입하지 않았을까 합니다! 더불어 가끔씩 보내주시는 알람을 통해 금융지식 또한 쉽게 접근해 나가고 있습니다. 자산 뿐만 아니라 항상 안전하게, 함께 더 똑똑하게 오랫동안 이용하고 싶습니다^^*",answer
하늘구름,5,2019년 12월 7일,2019년 12월 9일,주식처럼 신경 쓰지 않아도 매달 배당금이 따박따박 나와서 참 좋습니다,answer
Cheolho Han,5,2019년 12월 7일,2019년 12월 9일,"에임은 선진국, 신흥국, 주식, 채권을 가리지 않고 달러 기반으로 미국 시장의 ETF 포트폴리오를 관리해줍니다. 이에 따라서 금융권에서 개인이 누릴 수 있는 최상위 수준의 분산투자를 할 수 있고, 달러 기반이기 때문에 환율 변동 위험에도 대응이 가능합니다. 에임을 1년 반 정도 이용하고 있는데, 수익률도 어느 정도 나오지만 (근래 다른 어드바이저나 랩 대비 높다고 하네요), 무엇보다도 큰 장점은 어떤 악재가 나와도 큰 하락 없이 달러, 원화 어느 것을 기준으로 하더라도 일정 수준으로 유지된다는 것입니다. 다만 수수료가 지금도 낮긴 하지만 앞으로 더 오를지 모른다는 불안감은 있고, 입출금 시 환전 수수료를 더 낮출 수 없을까 하는 생각이 듭니다. 달러 입금 기능도 있지만요. 출금은 별도의 요청을 해야 하는데, 이는 잦은 출금을 막기 위한 것일까 하는 생각도 드네요.",answer
김혜정,5,2019년 12월 7일,2019년 12월 9일,"처음입니다. 투자라는 명목으로 돈을 지출한거요. AIM 이라는 앱을 유투브에서 볼땐 다른 사람 이야기라고 생각했어요. 솔직히 주식투자 어렵고 위험부담이 있지 않습니까. 적은 돈으로 선뜻 뛰어들 수도, 서민입장에서 큰 돈을 섣불리 넣기도, 용기가 나질 않죠. 저는 아팠습니다. 큰 수술을 받았고요. 다시 살아났죠. 백일 아이가 있었기에 또 이런 일이 발생할수도 있겠다는 생각에 미래를 준비하게 됐어요. 그 가운에 AIM 이 눈에 띄었고, 아이와 가족 미래를 위해 기꺼이 믿고 맡겼습니다. 사실 ETF는 큰 이미지만 이해했어요. 초보인 저도 이것저것 눌러볼 만큼 쉽게 되어 있곡요. 전반적으로 심플합니다 130일 정도 됐는데 수익이 났다네요^^ 많은 수수료를 지불하지 않고도 유능한 분들이 관리해주시는 이 앱이 은행 저금리 시대인 지금, 딱 기회라고 생각됩니다. 초반의 초조함을 사라지고 대표님 말씀대로 시간의 힘을 믿기로 했어요~ 더 번창하세요~ 같이 번창할 수 있게요^^ 화이팅.",answer
바람소리,5,2019년 12월 7일,2019년 12월 2일,정말 마음이 편안합니다.,answer
neonnaya,5,2019년 12월 7일,2019년 12월 9일,만족스럽습니다.,answer
김대권,5,2019년 12월 7일,2019년 12월 9일,굳 좋아요,answer
Changkeun Shin,5,2019년 12월 7일,2019년 12월 9일,"적금, 주식투자, p2p 투자. 어떤것은 너무 이율이 낮고, 어떤건 너무 많은 신경이 쓰이고, 어떤것은 위험부담이 크고. 늘 그 중간을 채워줄 무언가가 필요했는데, 유튜브에서 에임 광고를 몇십차례 건너뛰다 처음 광고를 끝까지 보고 바로 앱을 설치했습니다. 투자 알고리즘에 따라 포트폴리오를 구성해줍니다. 안정적이고 비교적 높은 수익율. 주위에도 추천하고 있습니다.",answer
송영진,5,2019년 12월 7일,no_answer,AIM 124일차입니다! 확실히 AIM에서 밀고나가는 전략대로 분산 투자를 통해서 안정적인 수익을 얻고 있어요~ 경기 변동에 코스피지수가 흔들리더라도 시중 은행 금리보다 더 높은 금리를 얻을 수 있다는 점은 큰 메리트에요. 무엇보다 바쁜 직장인으로써 신경을 쓰지 않아도 꼬박꼬박 돈이 쌓이는게 참 좋은거같아요. 굳이 단점이라면 투자하는 국가나 대상이 자율권이 아예 없다는 정도에요. 아 AIM 담당자님!! 금에 자율적으로 투자 가능하도록 서비스 나오면 좋을것 같아요! 항상 좋은 서비스 감사합니다.,no_answer
박해민,5,2019년 12월 7일,2019년 12월 9일,딱 반년째인데 은행 수익률은 넘어섰네요. 꾸준히 수익률 나오길 기대해봅니다,answer
daesung kim,5,2019년 12월 7일,2019년 12월 9일,해외투자 첫걸음을 에임과 하면서 혼자 많은 공부를 하게 되었습니다..공부를 하면서 많은 책과 자료를 보게 되었는데 답(에임)은 가까이에 있구나 하는것을 알게되었습니다..투자 3개월 이지만 투자는 마음이 편안 한게 제일 이라는걸 가장 크게 베웠고 그래야 장기 목표(에임)로 갈수 있는 걸 또 배웠습니다.. 매년 투자금액을 조금씩 키워 가며 에임과 핲께 해 볼려고 합니다..처음 투자하는 분들및 자신만의 투자 원칙이 없는분들에게 강추 합니다..,answer
이수민,5,2019년 12월 7일,2019년 12월 9일,원래 의심이 많은 나는 처음 돌다리를 수도없이 두들겼다.블로그부터 각종리뷰들및조사를 마치고 나서 에임을 시작하게 되었다. 왜 진작 시작하지 못했을까?란 생각이 제일 먼저들었다.매달 추가납입도 하고있고 아마 매년 재계약을 하고 유지할것같다. 사실 재테크에 관심은 많았지만 잘 모르고 어려운부분이 많았다.나같은 사람들에게 딱인 것이다.사실 홍보가 더 많이 되었으면 좋겠다.하루라도 빨리 접해서 나처럼 공부도 하고 자산도 착실히 모았으면 좋겠다. 역시 경제는 아는게 힘인거같다.,answer
김정환,5,2019년 12월 7일,2019년 12월 9일,현재 103일 사용 중인 초보AIM 이용자입니다~ 계속 쭉~~~ 사용하려고 하고있어요 아직 여유가 없지만 조금이 투자할 생각으로 사용하고 있어요 저 같이 초보분들도 쉽게 이용할수 있는 AIM 강력 추천합니다~!!,answer
미미밈,5,2019년 12월 7일,2019년 9월 4일,"유튜브 광고로 우연히 알게되어서 첫 입금 결심하기까지 이틀 정도밖에 안 걸린 거 같아요. CEO님 철학과 제 니즈가 딱 맞아떨어졌던 거 같습니다. 원래부터 미국 쪽 투자상품에 관심이 있었지만 방법을 몰랐고, AI 서비스에도 관심이 많았거든요. 개인적으로 손실의 위험을 감내하고라도 받아보는 것 자체에 의의가 있는 서비스라고 생각했어요. 밀리어네어들이나 받을 법한 자산관리를 소자본으로 받을 수 있다는 점도 너무 큰 매력포인트였거든요. 결과적으로 수익률은 꾸준히 올라 너무나 만족스럽고, 배당 수익도 소소하지만 큰 기쁨입니다. 에임수익률 그래프만 봐도 안정적이라는 게 느껴집니다. 긴 호흡의 투자, 앞으로도 잘 부탁 드립니다!",answer
Jihoon Kang,5,2019년 12월 7일,2019년 12월 11일,"AIM을 사용한지 2년이 넘었는데, 요즘 현명한 장기투자의 힘을 느끼고 있습니다. 게다가 해외 주식과 채권 투자 중심이라 원달러 환율 변동에 따른 추가 수익 효과도 크게 얻고 있어요. 2년 누적 수익률이 달러 기준 8.9%, 원화 기준 14.1%여서 AIM 앱을 켤 때마다 기분이 좋아요. 잊을 만 하면 오는 문자 메시지(해외 채권 쿠폰 입금) 보는 재미도 쏠쏠 합니다.",answer
Jin-young Lee,5,2019년 12월 7일,2019년 12월 11일,최근 경제흐름 및 투자에 관심이 많아져 처음엔 접하게되고 반신반의하는 마음으로 가입했습니다. 포트폴리오를 보고 난후엔 그동안 막연하게 생각되었던 분산투자가 적절하게 배치된 포트폴리오란 생각이 들었습니다. 투자는 끊임없이 고민한후 본인의 판단으로 괜찮다는 생각이들면 과감하게 해야 가능하다고 생각해서 주저없이 당일에 바로 투자를시작하게 되었습니다. 여러가지 장점중 가장마음에 든것은 아무래도 리스크관리였습니다. 배당금에 달러환율등 한쪽으로 수익을못내도 다른쪽에서 충분히 커버할정도의 구성이라 큰돈을 벌지는 못해도 잃지는 않겠구나라는 생각을 하였습니다. 저는 투자의 가장 중요한 원칙은 잃지 않는것이라고 생각하는데 AIM이 그런점을 도와주는 좋은 어플이란생각이 듭니다.,answer
정민주,5,2019년 12월 7일,2019년 12월 11일,1년째 제 재산의 반을 투자하고 있습니다. 수익이 안정적이지만 은행보다는 높아서 좋아요 주식을 잘하면 좋겠지만 일하면서 하기가 힘든데 에임은 신경쓰지 않고 그냥 묻어두면되니 직장인들에게 강추입니다!!!,answer
조홍래,5,2019년 12월 7일,2019년 12월 11일,"1년 넘게 AIM을 사용중입니다. 처음 계좌를 만들때 부터 연계된 증권 계좌를 쉽게 만들수있었고 환전까지 알아서 앱으로 할수있어서 편했습니다. 수익률도 1년 은행이자 이상이 배당으로 나올 뿐 아니라 , 꾸준하게 성장하는 모습을 보여줍니다. 미국 시장이나 해외 시장에 투자를 하고는 싶지만 잘 모르겠고... 어떻게 해야 할지 몰랐었지만 AIM을 통해 해외시장 , 달러기반의 든든한 포트폴리오를 만들수 있었습니다. 앞으로도 잘 부탁드립니다.",answer
Yun-Jo Jung,5,2019년 12월 7일,2019년 12월 11일,"172일째, 누적 3.08%(원화기준 3.3%)로 나름 쏠쏠하게 수익 챙기고 있네요ㅎㅎ연말에 성과금 들어오면 추가 납입 계획 중이에요. 다양한 루트로 투자 공부하고 싶으신 분들께 추천드립니다!",answer
jae han Cho,5,2019년 12월 7일,2019년 12월 11일,화면이 직관적이고 사용하기 편리해요. 6개월째 운용수익은 2프로 정도 났네요. 안정적으로 투자할 수 있는 툴인거 같아요.,answer
Matthias Kim,5,2019년 12월 7일,no_answer,"수수료때문에 소액투자한거 후회중... 수수료 뽕 뽑을려면, 최소 천이상하는걸 추천함.",no_answer
김진규,5,2019년 12월 7일,2019년 12월 11일,227일 째 에임을 하고 있는 에이머입니다! 군대 전역하고 투자를 해보고 싶었는데 아는 것도 별로 없고 해외 채권이나 주식을 하려면 복잡하고 모아뒀돈 돈을 그냥 적금이나 할까 하던 중에 에임을 알게 되었습니다! 현재까지 너무 만족스럽게 이용하고 있습니다~ 국내 주식은 지금 손해도 많이 봤었는데 에임은 꾸준히 올라가서 3%이상의 수익률을 현재 꾸준히 유지중입니다! 너무 만족스러워요~,answer
khan_20150112 kani,5,2019년 12월 7일,2019년 12월 11일,에임 사용한지 103일째 입니다.요즘같은 불안한 시장에서 안정적인 투자를 할수 있어서 좋았습니다.제 주변에도 저금리 적금을 들고 있는 지인분들에네 에임을 추천하고 있습니다.매일 매일 달라지는 수익을 확인하는것도 재미있고 매달 얼마 안되는 돈이기는 하지만 달라배당들어오는것도 재미있습니다.에임에 투자를 고민하실분들께 강추드립니다.^^,answer
슈빙e마하발리,5,2019년 12월 7일,2019년 12월 11일,"현금을 은행에만 예치하시나요? 그냥 갖고만 계신가요? AIM에 맡기세요, 두번 맡기세요. 은행만큼 안정적이고 은행이자보다 수익률이 훨씬 좋습니다.. 제가 꼭 약장수가 된것 같은데 그 만큼 AIM은 믿고 투자 할 수 있으며 만족 하실 겁니다^^",answer
레이뭐,5,2019년 12월 7일,2019년 11월 7일,에임이 이야기한 긴호흡과함께합니다 단타처럼 불안전한 주식거래하지마시고 안정적으로 이윤높은 적금하나든다생각하시고 맡겨보세요ㅎㅎ,answer
이동건,5,2019년 12월 7일,2019년 12월 11일,1년째 잘 사용하고있습니다! 운 좋게 폭락때 들어가서 17%로 순항중입니다 중간중간 들아오는 배당금도 쏠쏠합니다. 앞으로도 쭉쭉 올랐으면 좋겠네요 ㅎㅎ,answer
장윤경,5,2019년 12월 7일,2019년 12월 11일,배당투자에 관심 갖다가 에임을 알게되어 장기적으로 투자하고 싶어 시작했습니다. 온오프라인으로 꾸준히 소통하며 오래도록 투자 파트너로 함께하고 싶네요.,answer
모다,5,2019년 12월 7일,2019년 12월 11일,처음하는 투자라 걱정반 기대반이지만 꼼꼼히 찾아보고 과감하게 도전해봤습니다. 이제 얼마 안됐지만 수익이 조금조금씩 올라가는걸보면서 긴호흡으로 꾸준히 기다리면 좋은 결과가 있을 것 같습니다. 감사합니다,answer
Jisung Park,5,2019년 12월 7일,2019년 12월 11일,투자를 간단하고 쉽게할 수 있도록 잘 구성되고 만들어진 앱입니다.,answer
마석진,5,2019년 12월 7일,2019년 12월 11일,너무좋네요,answer
shing shin,5,2019년 12월 7일,2019년 12월 11일,아직 1년은 안됬지만 재테크 경험 및 자산관리에 대해 배울수있어 좋은 어플입니다,answer
왕재웅,5,2019년 12월 7일,no_answer,탈퇴는 어떻게 하나요?,no_answer
양정민,5,2019년 12월 5일,2019년 12월 5일,초보자도 간편하게 할수있어 좋네요 수익도 괜찮구요,answer
bak Chacha,4,2019년 12월 4일,2019년 12월 4일,회원가입하고 계좌개설할때 신분증 인식이 잘 되지 않습니다. 사진을 열번은 넘게 찍었네요. 초인트를 잘 맞춰 잘 찍엇다고 찍었는데도 입력한 개인정보와 일치하디 않는다며 몇번씩이나 다시찍으라고 하더군요. 신분증 인식기능이 더 좋아지면 좋겠습니다.,answer
변재솔,1,2019년 12월 4일,no_answer,돈없는사람은 시작도못하는거,no_answer
김칼리,1,2019년 12월 2일,2019년 12월 2일,광고좀 안뜨게 해라 투자관련지식 조금만있어도 별로인게 티가 팍팍나는 어플인데 뭐이리 광고하나..,answer
hg k,5,2019년 12월 1일,2019년 12월 2일,믿고 써보겠습니다 잘부탁드립니다,answer
김지헌,5,2019년 12월 1일,2019년 12월 2일,너무도 편리한 사용성! 찾고 해멜 필요가 없는 앱입니다. 또한 수익률도 안정적입니다.^^ 적극 추천합니다.^^,answer
도깨비,5,2019년 11월 29일,2019년 11월 29일,자산 관리에서 제일 중요한것이 위험 리스크 관리 입니다 몇달째 사용중 경험으로 보면 변동성이 적고 천천히 우상향 하는 느낌이 좋습니다 감사히 잘사용 하고 있습니다 Aim팀 응원 합니다 화이팅,answer
jeffrey Yun,5,2019년 11월 29일,2019년 12월 2일,스트레스 받지 않고 자문내용을 앱으로 실행할 수 있는게 강점입니다. 헷지펀드 전략을 제대로 경험할 수 있어서 만족하고 있습니다. 자산증식을 위해 오래오래 함께 해나가길 기대하며.. 응원합니다.,answer
이까불,1,2019년 11월 29일,2019년 12월 2일,하...,answer
이구아나,5,2019년 11월 29일,2019년 12월 2일,대체적으로 만족합니다. 포토폴리오도 상반되게 움직이는 주식과 채권으로 구성되어있고 개별종목이 아닌 ETF에 투자한다는 것도 좋습니다. 다만 모든 자산을 달러 자산에 투자하는데 이에 대해 궁금증이 있습니다. 이미 많은분들이 지적했듯 달러가치가 하락할때 다시말해 환차손을 어떻게 헤징할지 의문입니다.. 구체적인 데이터를 근거로 설명해주신다면 좋겠습니다...,answer
남건우,5,2019년 11월 29일,2019년 11월 29일,잘 사용하고 있습니다.,answer
슈퍼타이,1,2019년 11월 29일,2019년 11월 29일,300만원 이상 자금 없는사람은 투자도 못합니다,answer
이정은,5,2019년 11월 28일,2019년 11월 28일,에이머로써. 응원차. 댓글달아요. 항상. 응원합니다,answer
푸쉬업200개,4,2019년 11월 27일,no_answer,수익이 일년에 3.5%가 어떻게 계속 나오노??? 사기같은데 3.5%가 꾸준히 나오는거 처럼 광고 하던데 이게 진짜면 제니 리 ??? 경력보니깐 화려하던데 한국투자랑 조인햇네 일단 스타트업이니깐 분위기 보고 느낌잇으면 투자한다 일단 제니리 이뻐서 유투브 보는중임,no_answer
유태희,5,2019년 11월 27일,2019년 11월 27일,좋은것 같아요,answer
임영은,5,2019년 11월 26일,2019년 5월 10일,오래오래 같이가요 우리^^,answer
헤이코딩,1,2019년 11월 25일,2019년 11월 26일,최고?,answer
비니빠빠,5,2019년 11월 25일,2019년 11월 25일,좋아요,answer
조상현,5,2019년 11월 24일,2019년 11월 25일,"에임 5일차의 후기입니다. 에임은 한국투자증권을 통해서 투자를 할수있도록 도와주는 서비스입니다. 별도로 한국투자증권 어플을 설치할 필요는 없었으며 비대면으로 가입이 가능합니다. 최소가입금액은 300만원이며 추가로 1년마다 1%의 수수료가 부과됩니다. 하지만 투자를 하면 주식과 채권, 달러현금보유로 자산을 분배해주는데 미국주식이라서 배당금(이자?)이 매달 2~4% 정도 나오는것 같고 주식과 채권, 환율등이 올랐을때의 수익을 생각하면 수수료 1%는 감내 할 수 있었습니다.",answer
일처넉,1,2019년 11월 24일,2019년 11월 24일,무슨 돈부터 내라는거 같아 비호..뭘 믿고 천만원이상을 맡겨요? Omg,answer
박화룡,2,2019년 11월 23일,2019년 11월 24일,보기 어렵게 되어 있어요.. 은행계좌가 보이지 않고 현재 돈이 어떻게 흘러가는지 알수가 없네요 좀 보기 편하게 만들어주세요,answer
green tea,5,2019년 11월 23일,2019년 11월 24일,만족합니다.,answer
grace kyung park,5,2019년 11월 21일,2019년 11월 22일,"자산관리와 은행, 증권사앱 다 이용해 봤으나 가장 고객자산에 대해 신경 써 준다는 느낌 듬. 살 것 없이 매대 늘어놓은 백화점 갔다 독특한 수제 편집숍 간 느낌. 서비스도 한 달에 하나씩 업데이트 되어가는 듯.",answer
이규환,3,2019년 11월 20일,no_answer,술을 드셔도 너무 이쁘신 분이 광고도 너무 잘하시고 말씀도 잘하셔서 앱 설치했습니다. 번창하세요,no_answer
박현모,1,2019년 11월 20일,2019년 11월 21일,화려한 광고에 살피던중 부정리뷰가 있는데 관리자 답글이 법무팀 통해 법적조취를 취한다는 문구보고 운영자 마인드가 보이네요. ..나한테 필요하다고 생각했는데 하나만 보면 나머지 알수 있을듯 합니다. 한분한분 이용자의 고충도 겸허히 받아 드릴수 있을때 사업하시는게 나을듯 ~,answer
이원기,5,2019년 11월 20일,2019년 11월 24일,깔끔하게 정리되어 있어서 이용하기에 편리합니다,answer
Jinwoo Park,4,2019년 11월 20일,2019년 11월 20일,"직관적인 인터페이스가 좋네요. 근데 포폴추천받아보니 대부분이 외화 자산이고, 심지어 현금과 단기 달러 채권이 40프로인데, 그냥 환베팅이네요? 그냥 강달러 베팅인데 환리스크 감당이 되겠어요?",answer
ABC Kang,5,2019년 11월 20일,2019년 11월 20일,"에임의 서비스가 어떤것인지 궁금해서 유료세미나에 한번 다녀와 봤습니다. 너무 기초적인 내용+광고로 이루어져 있어서 약간은 실망스러운 느낌. 1. 에임은 운용사는 아니라 함 2. 마켓데이터를 10년치를 보여주고 싶은건지 09년부터 보여주던데 09년은 폭락이후 저점으로 생각되서 좀더 롱텀 데이터를 보여주면 좋을것 같아요 3. ""대세상승'은 하워드막스 책에도 나오는 이야기인데 약간 비웃듯 설명해서 약간 의아했뎐 느낌. 4. 가장 궁금했던 당사의 AI기술이나 로보어드바이저의 로직에 대한 설명은 전혀없었음. 실시단 리벨런싱이 아니라 반기리벨런싱 이라는듯(??) 시간이 지나서 다 기억은 나지않지만 좀 부족했던 세미나 였던것 같고 투자를 일단은 보류함.",answer
이소금,5,2019년 11월 20일,2019년 11월 21일,자금에 흐름에 관심을 가지고 대학에 입학했다. 현사회의 원천인 돈을 알고싶었고 2년간의 공부를 통해 도박에 가까운 주식시장과 돈의 천박함만 느꼈다 경제와는 다른 길을 택하기로 마음먹고 군대에 들어가려는 타이밍에 이어플을 알게됐고 대표님의 마인드와 전문성.확실에 찬 어조가 너무나 멋지다 비록 다시 이쪽공부를 할 생각은 없지만 군대에서 300만원 모으면 aim을 시작해볼 생각이다 수익이 없더라도 원금유지정도만 된다면 건전한 투자에 먼지같은 보탬이라도 되고싶다 지켜보고 싶은 어플,answer
레알제주,5,2019년 11월 19일,2019년 11월 13일,"궁금증에 대한 질문사항을 이미 정형화해서 선택케하니 내가 원하는 정확한 답을 얻을 수 없음. 예) 총투자수익은 수수료수익+평가수익이 맞는지? 한화수익은 달러현금 투자만에대한 수익?즉, 지금 내가투자한 전액에 대한 총투자수익은?등",answer
조아람,5,2019년 11월 19일,2019년 11월 19일,자산을 관리하기 위해서 시럽같은 어플을 사용하고 있는데 에임 투자금액이 연결이 안되더라고요?? 분명 한국투자증권에다가 계좌를 만들었는데 왜 안될까요?? 해결좀 해주세요,answer
이동욱,5,2019년 11월 18일,2019년 11월 18일,아주 직관적이고 믿음이 확 갑니다,answer
인터넷,5,2019년 11월 18일,2019년 11월 18일,학생인데 해보고싶긴하고 공부도 하고있긴한데 괜찮을까요? 아님 진짜 나중에 하는게 맞을까요?,answer
진설렘,5,2019년 11월 18일,2019년 11월 18일,너무 잘쓰고있고 주변지인들한테 많이추천하고 있어요 저는 세이빙플랜으로 하고있는데 매달 30~40만원 추가입금중이고 배당수익및 환급수익률 조금씩 들어오는거보면 너무 좋아여 국내 일반적금예금보다 나아여 정말 에임짱짱짱!! 시간만 된다면 저도 이벤트 많이참여할텐데 대표님도 뵙고싶고 여튼 너무 좋아서 계속 금방도 추천중이였어요 주변에 주식이나 해볼까? 이러면 말리면서 제 수익나는거 보여주면서 국내은행과 이율비교해가면서 이자소득세 차익 손해 계산해가면서 알려주면 다들 우와좋네 하면서 근데 복잡하지않아? 이러면 복잡할거전혀없다고 로보바이저가 알아서 헤지펀드? 그거 상위 0.5%?사람들관리하던 이지혜 대표님이 직접개발하고만든거라 더더욱 신뢰간다고 해보라고해서 시작한 지인들 꽤되여 저도 6개월쯤되가지만 벌써 채감적으로 좋아요ㅎ 지금은 세이빙플랜으로 이사갈 비용 확보및 수익안전히 내려고 하고있는데 나중에는 안전및수익공격 중간형인가 그것도 해보려구요ㅎㅎ에임!장수하셔야됩니다 초심잃지마시고요 제발♥,answer
까만책방,4,2019년 11월 16일,2019년 11월 18일,"증권계좌 개설 후에 투자성향 알아보기(여러 선택지를 중복해 고를수 있는 질문페이지)를 하던 중, 다시 선택하려고 이전을 눌렀습니다. 그러다 앱 메인화면으로 나갔고, 다시선택하니 성향조사를 마치지 못한 상황인데도 바로 다음단계인 입금하기로 넘어가게 되버리더군요. 우선 입금은 마쳤는데 어떻게 해야할지요?",answer
koreatrip Q,1,2019년 11월 15일,2019년 11월 12일,수익률 4프로에서 10프로사이면 믿겠으나 36프로수익률이라....흠... 누가믿고맞긴건진모르지만 부자들은 10프로이상의 수익률을 준다는 회사는 믿지않습니다 돈을당장 다빼버리죠... 보통의 수익률 그리고 안전성 이것이정상이지 수익성이높고 안전하다? 이세상엔 없는 투자를 알려주는앱인듯... ㅈㅓ세상 투자법인건가...? 추가로몇자더적겠습니다 금융투자로 내돈이 굴러가서스스로돈을벌어오는데 이러한회사를왜운영할가요 자기돈만굴리면 수익률은 더 커질텐데말이죠... 간단한논리입니다 자본의 정점의 지식과 정보는 절대로 공유되지않는다,answer
for my soul,1,2019년 11월 15일,2019년 11월 15일,말도 안되는 헛소리 투자 어플,answer
장원혁,5,2019년 11월 14일,2019년 11월 15일,앱에 신경을 많이 쓰는게 느껴져요. 대표님의 마인드가 좋아서 시작을 하게되었습니다. 고민이신분들은 일단가입하고 종종열리는 에임세미나를가서 대표님 발표를 들어보세요,answer
띠용,5,2019년 11월 14일,2019년 11월 15일,투자가 쉬워져요 스트레스 안 받고 은행 이자 수익보다 높게 받을 수 있어서 만족해요,answer
Joongseon Ji,5,2019년 11월 14일,2019년 11월 15일,편하게 해외자산에 투자가 가능해요~,answer
송연현,5,2019년 11월 14일,2019년 11월 15일,완전 추천이요!,answer
김경민,5,2019년 11월 14일,2019년 11월 15일,에임 완전 팬이에요!! 이지혜대표님 존경합니다. ^^,answer
SOOHAN SONG,5,2019년 11월 14일,2019년 11월 15일,"시작한지 얼마 되지않았는데, 세미나도 진행하고 투자자가 가져야할 마인드를 알려주고 불안하지않게 투자 할 수 있게 해줍니다. 신박한 앱임..!",answer
김태우,5,2019년 11월 14일,2019년 11월 12일,굿,answer
권선영,1,2019년 11월 13일,2019년 11월 14일,탈퇴하기가없음,answer
이시용,5,2019년 11월 12일,2019년 11월 12일,아무리 기다려도 인증번호 문자가 안오는데 어떻게하죠 답변 감사합니다! 스팸 확인해보려하는데 인증문자로 오는 전화번호 알려주실수 있나요?,answer
잔소리엄마,5,2019년 11월 10일,2019년 11월 12일,에임은 너무 편리하고 믿음직하고 맘에 들고 좋아요 그래서 제 자산을 투자했어요,answer
어형어제,5,2019년 11월 9일,2019년 11월 11일,단기투자 형식으로 1년짜리 적금을 들고 끝나면 다시 붙고... 근데 매년 이율은 낮아지고(심지어 나름 높은 군인적금이였음) 세금은 있는데로 다 때가고(7만원 이자 받고 3만원 때갔음)... 그와중 유튜브광고로 우연히 알게되었습니다. 약 한 달 다되가는데 바쁜 생활속에 신경쓰지 않아도 수익이 안정적이고 좋습니다. 직장인분들 강추!,answer
lli illli,5,2019년 11월 9일,2019년 11월 11일,감사합니다,answer
전명우,5,2019년 11월 8일,2019년 11월 11일,난 무엇보다 대표의말이 진정성있게 다가왔다 그게 에임을시작한 이유다.,answer
GREEN APPLE BOY,5,2019년 11월 8일,2019년 11월 11일,모두 에임하고 성공하세요,answer
정?,3,2019년 11월 8일,2019년 11월 8일,한투 계좌 개설시 신분증 재촬영 요구가 있었습니다. 그에대한 해결 방법은 에임에서 다시 할 수 없어 불평합니다. 현재도 개설 못하고 있습니다. 방법이 있다면 알려주십시오. 한투 모바일 웹에서는 상태만 알려줄 뿐 다시 개설 하라고 하는데 답답하네요,answer
한루ハンル,1,2019년 11월 7일,2019년 11월 7일,대체 이거깔고 가입하고나서부터 3시간에한번꼴로 주식투자스팸성광고가 계속오는데 어떻게된건지모르겠네요. 제 전화번호가 탈탈털리나요?? 탈퇴는 대체 어디서 하나요???,answer
황호연,5,2019년 11월 7일,2019년 11월 7일,직접투자 자신없는 저에게 잘맞는 에임 . 앱 사용도 복잡하지도 않아서 아주 만족합니다. 장기투자해서 꼭 드림카 굿^^,answer
Jeehee Min,5,2019년 11월 7일,2019년 11월 7일,너무 좋아요. 깔끔!! 팬이되어버림,answer
신정옥,5,2019년 11월 7일,no_answer,"앱경험3일차 50중반아줌마 늦은나이지만 재테크공부에 도전 ETF매력에빠졌지만 낮은지식으로 포트폴리오구성힘듬,리밸런싱 시간없어 고민만... AIM은 이모든것해결+ℓ 노후를 믿고맏길수있도록 초심잃지않고 성장하는 AIM이되길 축복합니다 ps:빚갚고나면 적금은 AIM으로...^^",no_answer
kyoung-mu kim,5,2019년 11월 7일,2019년 11월 7일,"좋아요. 포트폴리오 짜주고 주기적으로 밸런싱해주는게 이정도 가격이면 절대 비싼건 아닙니다. 그리고 장기투자할수있도록 시스템을 짜뒀다는 건 큰 장점입니다(진심). 하시기 전에 꼭 알아야 할 건 환헷지를 안한다는 것. 투자취향에 따라 장점일수도, 단점일수도 있습니다.",answer
정석우,5,2019년 11월 7일,2019년 11월 7일,너무 좋아요,answer
Han Seop Jeong,5,2019년 11월 7일,2019년 11월 7일,깔끔합니다,answer
hyun kim,5,2019년 11월 7일,2019년 11월 7일,자산관리의 든든한 파트너 최고입니다.,answer
신호현,5,2019년 11월 7일,2019년 11월 7일,유용하고 편리해요~ 강추합니다,answer
Dong Yi,5,2019년 11월 7일,2019년 11월 7일,부자아빠가 되기위한,answer
이수빈,5,2019년 11월 7일,2019년 11월 7일,투자에 대해서 많이 배우는 앱,answer
ᆞᆞ달봉이,5,2019년 11월 7일,2019년 11월 7일,안정적이고 꾸준한 수익성을 추구하는 중 입니다^^,answer
wonkyu lee,5,2019년 11월 7일,2019년 11월 7일,G~~~~~~~~~~ood,answer
Jung hwan kim,4,2019년 11월 7일,2019년 11월 7일,투자를 할때 사비를 투자해야하는건가요?,answer
별명없음,1,2019년 11월 6일,2019년 11월 7일,웬만하면 별 1개 안 다는데...유튜브 광고 너무 짜증남 별점 상향 해달라구요? 할 생각 없어요,answer
라힛,1,2019년 11월 4일,2019년 11월 4일,잘모르겠다,answer
피부가 장남이 아닌데,3,2019년 11월 1일,2019년 11월 1일,이앱 무료인가요?,answer
손진희,5,2019년 10월 31일,2019년 10월 31일,좋습니다~,answer
임동현,1,2019년 10월 31일,2019년 10월 31일,유튜브 광고 겁나하고 너무 거만해서 앱 못믿겠음 사용안함,answer
정재석,5,2019년 10월 29일,2019년 11월 1일,질문 있습니다. 환율이 오르면 당연히 좋겠지만 하락한다면 투자이익이 발생해도 손실일수 있는데 방어수단이 무엇인가요?,answer
은채&나린Papa미노나라,5,2019년 10월 29일,2019년 10월 29일,단기 수익을 광고하며 일확천금을 줄 것같은 다른 어드바이져보다 진실하고 올바른 투자를 이끌어줄 것을 기대합니다.,answer
모야모야,5,2019년 10월 28일,2019년 10월 29일,"예적금은 성에 안차고, 주식은 너무 위험하고 재테크가 막막한 분들께 강력추천합니다!ㅎㅎ",answer
새희망,4,2019년 10월 25일,2019년 10월 25일,계좌 개설 단계중 전화 입력에서 더이상 진행을 할수가 없네요. 일반전화는 없고 핸드폰만 있는 사람은 가입이 안되나요? 국번 선택이 일반전화뿐이라 할수가 없네요.,answer
Gunn Tube,5,2019년 10월 25일,2019년 10월 28일,최고의 자산관리앱입니다,answer
Earning Suprise,4,2019년 10월 25일,2019년 10월 28일,대표님의 건강한 투자 철학 잘보고 이용 잘하고 있습니다.,answer
박혜란,5,2019년 10월 25일,2019년 10월 28일,좋음 업데이트 잘되고 있어서 사용이 편리함,answer
양정숙,5,2019년 10월 24일,2019년 10월 24일,안전하게 나의자산을 지키는 곳,answer
김hongirl,1,2019년 10월 24일,2019년 10월 24일,글쎄.,answer
jung hyun woo,5,2019년 10월 23일,2019년 10월 24일,군더더기 없는 기능과 직관적인 UI 마법같은 수익율까지도 만족스러움!,answer
Jangho Ha,5,2019년 10월 23일,2019년 10월 24일,보기 편하고 Aim 투자에 대한 구체적 철학 등이 간단 명료하게 이해할 수있어 신뢰가 가네요~~,answer
정혜영,5,2019년 10월 23일,2019년 10월 24일,여긴 믿을 수 있겠다! 자산관리,answer
장세복,5,2019년 10월 23일,2019년 10월 24일,투자에 대한 막연한 두려움을 없애주는 유용한 앱이다. 에임과 함께 투자성공을 기대해본다,answer
강재원,5,2019년 10월 23일,2019년 10월 24일,화이팅,answer
서동진,5,2019년 10월 23일,2019년 10월 23일,굿굿 자산관리 1등입니다,answer
남노순용,5,2019년 10월 21일,2019년 10월 22일,조금더두고 볼까합니다,answer
녹찐한똥꼬,5,2019년 10월 18일,2019년 10월 21일,폰이 제명의가 아니라서 인증이 안되네요~공인인증서라던지 IPIN으로 인증방식이 다양했음 좋겠어요 ㅜ ㅜ,answer
정성현,5,2019년 10월 18일,2019년 10월 18일,자산관리도 쉽고 점점 늘고 있어요,answer
스티리머양두,5,2019년 10월 17일,2019년 10월 17일,첫투자인데 도전해봅니다,answer
Ji Hyun Park,5,2019년 10월 17일,2019년 10월 17일,오늘 딱 100일째 투자중 아직 괄목할만한 투자 수익이 눈에 보이진 않지만 초기포트폴리오가 적절한 배분을 해주었기에 운용상 문제는 없음 지속적인 포트의 변경이 좋을지 아니면 베리어 접근전까지 유지하는게 좋을지는 모르지만 결국 시장이 판단할일이기에 지켜보는중 AI의 판단력이 롱텀자금 활용에 얼마나 효율적인지 체험하고있는데 현금의 보유는 탁월한 선택인것 같음 문제는 이 현금이 추가투자를 위한것인지 포트 방어를 위한것인지는 알수없음 경기가 활황일때보다 침체국면에 더 잘맞는 포트가 아닌가 싶음 결국 1000일째 되었을때 배당수익과 투자수익이 어느정도 변동성을 갖을지 궁금 수익이 확정시켜주는 포트변화는 있었으면 좋겠음,answer
Kyoungrok Yi,5,2019년 10월 17일,2019년 10월 17일,가장 편리하게 재테크할 수 있는 어플!,answer
MJ Jo,5,2019년 10월 14일,2019년 10월 14일,# UI가 편리합니다 # 자산관리 측면에서 직관적이며 편리합니다. # 운용에 드는 비용이 적습니다 # 추천된 금융 자산의 변동성 폭이 넓지 않습니다,answer
김기두,5,2019년 10월 14일,2019년 10월 14일,매우 자세히 설명 되어있습니다,answer
송창현,5,2019년 10월 12일,2019년 10월 14일,앱이 정말 심플하고 사용하기 편하고 저 처럼 투자를 잘 모르는사람도 이용하기 쉽네요. 그리고 다른 리뷰를 봤는데 한명한명 정성껏 답변해주시는 모습이 너무 멋지십니다 👍,answer
김상규,5,2019년 10월 12일,2019년 10월 14일,주식처럼 신경안써도되고 배당금도 수시로 입금되니 좋네요,answer
김진구,3,2019년 10월 12일,2019년 10월 15일,시작한지 얼마되질않아 보합세지만 좋은 결과기대합니다,answer
식이네,5,2019년 10월 11일,2019년 10월 14일,이미 잘못된 주식투자 부동산투자에 의해 많은 돈을 수업료로 지불하였습니다. Industry 4.0 시대에 Big data/AI 기반의 알고리즘에 의해 운영되는 AIM에 4만불을 투자해 보았습니다. 일단 마음이 편하네요. 신경쓰지 않아도 되니까요. 가장 좋은건 AIM이 선정해 주는 투자처를 통해 global 시장 상황이 어떤지 실질적으로 파악되고 시장상황이 파악되니 국내투자/부동산의 흐름을 유추할 수 있을것 같습니다.,answer
강보이,5,2019년 10월 11일,2019년 10월 14일,아주유용하고 새로운투자방식이네요.,answer
아몰랑,5,2019년 10월 11일,2019년 10월 14일,시간이 결과를 보여 주겠죠? 소액이지만 별생각없이 꾸준히 적립중입다(에임의 장점중 하나이겠죠^^) 일반 펀드나 주식 직접투자같이 수익율이 금액으로 정확하게 나타나지 않아서 투자금액이 얼마인지 수수료를 빼고나서 배당포함해서 지금까지 수익을 원화로 계산하면 얼마인지도 명확하게 볼수 있으면 투자가 더 재미 있지 않을까하는 생각을 해 봅니다 아무튼 저는 국내주식이나 펀드 보다는 메리트가있다고 생각하고 투자중 입니다~~^^♥♥,answer
Kim byung-geon,5,2019년 10월 11일,2019년 10월 14일,"에이머 161일째. 투자 시작하고 자본시장 상황이 좋지 않았데 안정적으로 자산을 지키고, 수익까지 내고 있는 에임의 자산관리 서비스에 만족합니다. 이보다 더 좋은 점은 에임을 통해 어떻게 나의 자산을 지키고 건강하게 키워나갈지에 대한 큰방향을 잡아가고 있다는 겁니다. 에임에서 제공하는 메세지(?)와 정보를 통해 자연스레 경제공부까지 하고 있네요~ 오랜기간 에임과 함께 성장해나가고 싶습니다.",answer
Ek Han,5,2019년 10월 11일,2019년 10월 11일,"UI가 쉽고 편리함 이용 방법에 대한 설명이 상세함 실제 투자하는데 있어서도 어려운 점이 없음 다만, 현재 보유 주식 개별종목의 보유수량과 평가액 현황에 대한 정보가 좀 더 상세했으면 좋겠음.",answer
Pha717,5,2019년 10월 11일,2019년 10월 11일,"벌써 에임과 함깨한지 1년 가까이가 되어가네요. 궁금증에 시작한 에임 덕분에 코스피 박살날 때 오히려 수익 보고 있습니다. 달러기반 거래와 분산투자를 이용한다는 점, 무엇보다 내가 할일은 돈만 넣으면 된다는 점이 참 편합니다. 큰 금액은 아니지만 배당금 나오는것 지켜보는 재미도 있구요. 정말 감사합니다 에임 :)",answer
Hak Jo,5,2019년 10월 11일,2019년 10월 11일,"약 300일 가까이 써본 소감으로는 공지, 경제 상식 등 / 수익률 / 투자처 크게 세 페이지로 분리되어 있어서 쉽게 접근할 수 있고 개인적인 느낌으로 시인성이 좋다고 생각합니다 수익률도 매우 만족하지만 일단 앱 리뷰라 수익률은 배제하고 앱 관련 리뷰만 올렸습니다~",answer
양8회말,5,2019년 10월 11일,2019년 10월 11일,투자에 대한 상식과 겡험이 전무하여 어디에 어떻게 무슨방법으로 투자를 해야 할지 막막하던차에 에임을 우연히 유튜브광고를 보고 알게 되었고 에임에 대하여 여러모로 알아보게되었다 그러나 에임에 태해 알고있는 사람들은 거의 없어 혼자 고민하다가 에임의 철학을 일단 믿어보기로하옇다 위험한 발상이라고 생각했지만 이만큼 공개를 하며 회사와 투자를 쉽게 설명한 곳도 없던터라 한번 믿고 투자해 보기로 했다 아직은 큰 수익은 못봤지만 믿을 수 있는 투자회사라는 생각이 와 닿는다 경기도 안성시 대덕면 서동대로4725 롯데캐슬 센트럴시티 126동1604호 양회철,answer
민태홍,5,2019년 10월 11일,2019년 10월 11일,사용자가 이용하기 편한 간단한 화면구성 안정적인 수익률 변화 달별로 받는 배당금 차곡차곡 불어나는 자산 제 업무에 집중하며 자산도 커지니 저에게 맞는 앱이고 좋다고 느낍니다.,answer
유은영,5,2019년 10월 11일,2019년 10월 11일,사용이 간편하고 질의에대한 답변이 잘 되어 있어요~,answer
kyoung hoon kim,5,2019년 10월 11일,2019년 10월 11일,자산 증식을 위한 좋은 앱입니다,answer
박Kus,5,2019년 10월 11일,2019년 10월 11일,이렇게 좋은서비스 받을줄 상상도못함 개인적으로주식 코인 펀드 다양하게 하는데 이게 최고임,answer
장상준,5,2019년 10월 11일,2019년 10월 11일,지속적인 발전 기원합니다,answer
dydy90 y,5,2019년 10월 11일,2019년 10월 11일,에임을 통해 안정적인 투자와 수익효과를 기대할수있습니다. 사용자들을 위한 인터페이스도 뛰어나고 심심하지않은 앱입니다.,answer
겨울아이,4,2019년 10월 11일,no_answer,아직 짧은기간이라 모르지만 믿어보려고요 많이 살펴보시구 결정하세요~,no_answer
김형준,5,2019년 10월 11일,2019년 10월 11일,24살 첫 목돈으로 시작했습니다. 금융에 대해 아직 모르는 부분이 많지만 에임 서비스를 믿고 같이 가겠습니다. 배당금이 나오고 무엇보다 투자의 현황을 명확히 알려주는 것이 가장 매력적입니다.,answer
이종희,5,2019년 10월 11일,2019년 10월 11일,aim과 미래를 준비하고 싶어요,answer
지금경재를알자,5,2019년 10월 10일,2019년 10월 11일,투자의 경험을 aim과 함께한것이 행운입니다,answer
지현숙,5,2019년 10월 10일,2019년 10월 11일,여유자금으로 시작해 아이계좌 개설후 아동수당으로 장기투자+우리부부 노후자금으로도 투자하고 있어요 저렴한수수료+고퀄리티 자금운영+대표님의 능력과 경영마인드가 더 신뢰를 주는 앱 금융지식 없어도 일반서민을 부자로 만들어주는 AIM!,answer
Youngwoo Koh,5,2019년 10월 10일,2019년 10월 11일,"지난4월부터 반년정도 이용중인데요, 적지만 꾸준한 템포로 안정적인 수익이 나고 있는것 같습니다. 매달 적립식으로 추가 매수 계획 중에 있습니다",answer
Hyojung Lee,5,2019년 10월 10일,2019년 10월 11일,유투브의 광고를 보고 앱을 처음 알게되고 대표님의 스펙과 자신감에 홀리듯 투자를 선뜻 결정하게 되었습니다. 지금은 워낙 변동성이 강한 시장이라 수익은 오르락내리락하지만 투자한지 한달반만에 배당이 쏠쏠히 들어와서 흐믓합니당~ 긴호흡으로 투자하면 꼭 부자될거라는 대표님의 말씀 기억하며 하루하루 기대감을 가지고 즐겁게 생활하고 있어요. 나날이 발전하는 에임~ 사용하기 넘 편하게 바뀌는것같아요. 앞으로도 잘부탁해요~^^,answer
최덕용,5,2019년 10월 10일,2019년 10월 11일,안정적으로 꾸준한 배당을 받을 수 있고 수익률 또한 만족스럽습니다:) 믿고 잘쓰고있습니다,answer
임인환,5,2019년 10월 10일,no_answer,에임을 시작한지 5달이 되어가네요 늦게 가입해서 그런지 제가 생각했던 것보다는 다소 수익률이 떨어지네요 투자금액이 적어서 그런가 ㅎㅎㅎ 문제는 이제부터겠죠 일단 매달 배당금이 들어오니 참으로 좋더군요 전 에임을 믿고서 노후를 맡겨보려 합니다 좀더 일찍 알았더라면 생각도 들고요 에임이 좀더 발전하기를 기원해요 타국생활 3개월째 접어드는데 10년후면 얼마가 되어있을라나 기대가큽니다,no_answer
정재성,5,2019년 10월 10일,2019년 10월 11일,제가 추구해온 이상적인 투자법을 저렴한 수수료로 운영해 주셔서 항상 감사할 따름입니다,answer
안군식,5,2019년 10월 10일,2019년 10월 11일,AIM으로 자산을 안전하게 관리하세요. 리스크 높은 지금이 AIM할때!!,answer
JeiKey Kim,5,2019년 10월 10일,2019년 10월 11일,⁴달가까이 사용중입니다~^^ 직관적이고 심플해서 사용하기 좋습니다~ 투자가 이렇게쉬울줄이야~ 재테크 잘 못하시면 추천합니다~,answer
김경업,5,2019년 10월 10일,2019년 9월 18일,크게는 단기 수익이 안되지만 꾸준한 우상향 좋습니다,answer
김도훈,5,2019년 10월 10일,2019년 10월 11일,해외 ETF 투자! 에임 덕분에 쉽게 시작했습니다.,answer
이동규,5,2019년 10월 10일,2019년 10월 11일,정말 잘보고있습니다. 길게 믿고갑니다.,answer
정재환,5,2019년 10월 10일,2019년 10월 11일,안정적인 투자를 쉽게 받을수있습니다. 추천합니다,answer
Shin DaeKyong,5,2019년 10월 10일,no_answer,특별히 신경 안써도 되는 시스템이라 좋아요. 수익률은 아직 초기라 뭐라 말하기 어렵네요. 기대해 보도록 할께요~~~,no_answer
Jeonghoon Kim,5,2019년 10월 10일,2019년 10월 11일,"너무 어렵지 않게, 시간많이 들이지도 않으며 투자 자문을 통하여 안전하게 해외시장 투자를 할 수 있어서 바쁜 직장인들에겐 손쉽게 투자할 수 있습니다~!",answer
Kyunga Cha,5,2019년 10월 10일,2019년 10월 11일,미국etf를 편하게 분산투자하는게 좋네요 투자초보보다는 어느정도 투자지식이 있고 여유자금으로 장기적으로 분산투자 할분한테 좋은거 같아요,answer
YJ K,5,2019년 10월 10일,2019년 10월 11일,"해외금융투자는 정말 생소하였지만 AIM을 통해 해외 ETF, 달러 등을 직관적이고 간단하게 투자할 수 있어 참 좋습니다. 다양한 분산투자의 한 방법으로 AIM을 추천합니다. 긴호흡의 투자를 느낄 수 있습니다.",answer
김바람,5,2019년 10월 10일,2019년 10월 11일,어렵게 하던 미국 국채투자를 이렇게 쉽고 저렴하게 하게되어 만족합니다 투자자 개인 성향을 만족시키고 너무나 간편하고 압축적인 구조라서 간편하고 사용자편이가 좋음,answer
JH Kim,5,2019년 10월 10일,2019년 7월 10일,에임 시작한지 몇개월 지나서 에임에 믿음이 생겨 추가입금까지 하여 현재까지 운용중입니다. 시장상황에 크게 흔들리지 않고 꾸준히 운용되늘 걸 보면 제가 선택을 잘 했다는 생각이 듭니다. 또한 질문에 대한 피드백이 빨라서 저의 궁금증도 금방 해결이 되더라구요. 많은분들이 동참하여 안정적인 자산불리기에 동참했으면 좋겠네요.,answer
Sanguk Kim,5,2019년 10월 10일,2019년 10월 11일,직관적인 어플입니다. 사용하기 쉬워요~,answer
원ᄏᄏ,5,2019년 10월 10일,no_answer,나처럼 투자에 대해 거의 지식이 부족한 사람들이 믿고 맡기기에 적합한것 같다. 일단 장점으로는 안전성이 있다는것..수익률은 앞으로 더 지켜봐야 할 것 같다.,no_answer
Jaemin Park,5,2019년 10월 10일,2019년 10월 11일,"앱 사용성 만족하고(UI경험, 앱구동 등 측면) 서비스 역시 다른 유명한 투자사들보다 월등히 나은 수익율 성과 덕분에 만족하고 있음. 무엇보다 시류에 편승한 마케팅이 아닌 투자운용철학을 기반으로 안정적 수익을 추구하는 포트폴리오를 짜 주는 점이 마음에 듬.",answer
JeongHui Min,5,2019년 10월 10일,2019년 10월 11일,에임 사용한지 220일 정도 되어갑니다. 에임 투자는 안정적인 수익을 바탕으로 투자자에게 안정감을 주고 장기투자가 가능함을 알려줍니다. 좀더 일찍 시작했다면 더 좋았을거에요 ㅎㅎ,answer
Hyeon gyu Kim,5,2019년 10월 10일,2019년 10월 11일,1. Good application for everyone interested in stock market. 2. Easy processes and simple outlet of its 3. Handy and comfy,answer
석기영,3,2019년 10월 10일,no_answer,"시장이 않 좋아 수익률은 별로 없지만, 손해는 안보니 괜찮습니다만 앱디스플레이는 개선이 필요해보입니다. 투자한 상품에 대한 개별 현재가 디스플레이가 되었으면합니다.",no_answer
w.ground hey,5,2019년 10월 10일,2019년 10월 11일,간단한 사용성과 편리한 자산관리 시스템이 좋습니다,answer
장경석,5,2019년 10월 10일,2019년 10월 11일,3개월전과는 다르게 공격적으로 바뀌는게 보이네요. 직접적으로 질의를 할 수 있는 창이 보이는것이 맘에 드네요. 내가 투자한 금액과 수익뉼을 한 눈에 보이는것도 맘에 들어요. 좋은 영상 자주 올려주세요,answer
이세미,5,2019년 10월 10일,2019년 10월 11일,5개월째 함께하고있어요 매달 소액이라도 적립하듯 넣으려해요 크게 신경쓰지않아도 운영이 되고 매달 배당금 받는 기분도 좋습니다 잃지않는게 제일 중요하다 생각하는데 공격적인 수익은 아니더라도 꾸준히 안정적인 수입을 원하는 저같은 직장인에게 딱 맞습니다,answer
김현규,5,2019년 10월 10일,2019년 10월 11일,최고의 자산관리 서비스를 최저비용으로 누릴 수 있습니다. 소중한 내 자산을 귀하게 여겨주는 AIM에서 꾸준한 투자로 성공하시길 바랍니다. 매달 들어오는 달러 배당금도 참 즐겁습니다 :),answer
JoonKyoo Lee,5,2019년 10월 10일,2019년 10월 11일,아주 만족하며 쓰는중입니다,answer
박쇼니재니,5,2019년 10월 10일,2019년 10월 11일,오늘로 101일째 입니다. 세계 증시가 극심한 변동성 장세였음에도 꾸준히 안정적인 수익을 보여주네요 장기적으로 투자금을 더 늘릴 생각입니다.,answer
김형배,5,2019년 10월 10일,2019년 10월 11일,너무좋네요. 와이프에게도 추천해주었습니다.,answer
Richard 90,5,2019년 10월 10일,2019년 10월 11일,자산관리에 탁월합니다 ^^,answer
오동윤,4,2019년 10월 10일,no_answer,전반적으로 인터페이스가 단순하여 사용하기 쉬움. 앱의 문제는 아니지만 입출금도 가능하면 더 좋을듯,no_answer
김영준,5,2019년 10월 10일,2019년 10월 11일,5개월차이지만 배당금이 있으니깐 오르고 내리든 신경이 안쓰이고 확실히 지금까지 이런 서비스를 찾아다녔지만 여기만큼 좋은데는 없어요!!! 잘 이용하고 있어욤,answer
Jaehoon Jin,5,2019년 10월 10일,2019년 10월 11일,사용3개월차 만족합니다,answer
Holy one Great,5,2019년 10월 10일,2019년 10월 11일,"장기적인 투자를 희망하시는 분들께. 적극 추천드리는 어플. 아는 지인들에게 조금씩 추천하고 있지만, 욕심 같아선 나만 알고 있고 싶다. 문자로 가끔 날아오는 배당입금 안내에 괜시리 기분이 좋아지곤 한다. 평생가자. 에임.",answer
Seongyoon Kim,5,2019년 10월 10일,2019년 10월 11일,"에임 시작한지 한달반이 지났습니다. 마침 코스피가 불안정할때 들어갔는데, 에임의 안정적인 수익이 정말 마음에 듭니다.",answer
조한결,5,2019년 10월 10일,2019년 10월 11일,"다른 투자자들은 어떤지 모르겠지만, 장 오락가락 하는 와중에도 제일 안정적이게 흑자유지 해서 1년 지나고도 계약 갱신했네요~~~",answer
최문규,5,2019년 10월 10일,2019년 10월 11일,달러 자산을 가지고 투자를 알아보던중 etf에 투자하는 AIM을 알게 되었고 현재 2달 정도 투자 중입니다. 원화 강세일때 새로 시작하여 현재는 원하기준 마이너스 수익중이나 매월 일정금액을 꾸준히 투자 중입니다. 정말 아무생각 없이 투자를 하여도 일정 수준의 투자 수익이 가능하며 달러로 직접 투자하는 것이 정말 큰 매력인것 같습니다. 진작 알지 못한것이 많이 아쉽네요. 10년을 생각하며 장기투자 예정입니다.,answer
권진 일,5,2019년 10월 10일,2019년 10월 11일,대표님의 철학과 나눔에 경의를 표합니다. 이기적인 이타주의자가 되어주세요,answer
고지성,4,2019년 10월 10일,2019년 10월 11일,"에임과 함께한지 한달이 조금 넘었네요. 꾸준한 관리가 이루어지는것을 증명하듯 회사의 고객유치를 위한 영상과 실질적인 에이머들의 후기, 투자목적 그리고 이벤트들로 인하여 나날이 신뢰를 쌓고있는중입니다. 별5개를 주려 했지만 아직은 이렇다할 기간이 지나지않아 좀 더 지켜보자는 의미로 4개 누릅니다.",answer
Yongseong Seo,5,2019년 10월 10일,2019년 10월 11일,70일 정도 사용하고 있는 에이머입니다 투자에 대한 막연한 생각만 가지고 있던 저에게 투자를 실천할 수 있게 마음먹게 한 회사입니다 금융 관련 지식이 부족해 복잡한건 잘모르지만 안전한 자산에 투자하는 방식이 맘에 들었고 사용하기 편리합니다,answer
Rifa Rifa,5,2019년 10월 10일,2019년 10월 11일,"에임과 만난지 1년이 넘었고 며칠 전에 다시 재계약을 했어요. 그 사이 불어난 이자도 놀랍지만, 투자에 대해 전혀 모르고 주식은 무섭기만 한 쫄보가 적은 수수료로 해외투자를 경험하고 무엇보다 안정적인 투자를 지향하는 모습에 비교적 안심하고 따라갈 수 있었던 것 같습니다. 주변에 적극적으로 하라고 권하지는 않아요. 하지만 에임에서의 투자 진행상황은 알려줍니다. 스스로 마음이 동해야 저처럼 스스로의 선택에 믿음을 가질수 있을테니까요. 그간 여러번 진행되었던 오프라인 세션에 참가하려다 매번 일이 틀어지곤 했는데 조만간 직접 방문하는 기회를 가져보려합니다. 적극적이며 신중하고 장기적인 투자에 오랫동안 긴호흡으로 함께 할 수 있었으면 좋겠습니다 :)",answer
Kyoung Ho Na,5,2019년 10월 10일,2019년 10월 11일,만족스러워요 ㅎㅎ,answer
seongchul choi,5,2019년 10월 10일,2019년 10월 11일,지금 시작한지 3달 됐는데 방어도 좋고 매달 배당금 조금씩들어오는 쏠쏠함도 좋네요 조금더 일찍 알았으면 좋았을텐데 ㅋㅋ,answer
Malpyo's 360 world tour,5,2019년 10월 10일,no_answer,멘토님의 추천으로 여유자금을 투자한지 딱 일년 은행펀드가 마이너스20프로를 찍었음에도 에임은 안정적인관리로 신뢰가 가기 시작해 추가입금까지했어요 배당금 및 수수료 수익까지 강추합니다 하지만 앱 상에서 좀더 디테일한 설명과 수익구조에대한 설명 해지 등등 까지 나왔으면 하는 아쉬움이 드네요 첨에 앱만 보고는 신뢰감이 안갔거든요 앱상으로 확인할수있는 게 더 많아졌음 합니다 ^^,no_answer
김재민,5,2019년 10월 10일,2019년 10월 11일,"에임 시작한지 7개월정도 된거같은데 매달 꾸준히 배당금 나오고 5~7퍼센트의 안정적인 수익율을 보여주고있어요. 목돈은 있는데 예금에만 묶어놓긴 아깝고, 주식은 어렵다고 생각되시는 분들에게 추천드립니다 !",answer
석덕수,5,2019년 10월 10일,2019년 10월 11일,아직까지는 2달밖에 안되서 잘 모르겠지만 다른 후기들 보면서 믿고 기다리고 있습니다.,answer
정윤호,5,2019년 10월 10일,2019년 10월 10일,직관적이고 깔끔해요. 이용한지 5개월중이고 수익률보다는 장기적인 관점에서 보면 좋아요,answer
김인수,5,2019년 10월 10일,2019년 10월 10일,"AIM의 투자하였으면 관련 자산 대비 얼마나 증가하였는지 한눈에 알 수 있고, 증가한 부분에서도 각 비목별로 직관적으로 알 수 있어서 사용하기 편리 합니다. 무엇보다 계약 갱신시 갱신의사가 있으면 쉽게 처리할 수 있는 것도 큰 강점이네요",answer
윤경수,5,2019년 10월 10일,2019년 10월 10일,UI 심플하고 빠른 어플,answer
양정용,4,2019년 10월 10일,2019년 10월 10일,첫 투자라서 믿고 차근차근 따라가는 중입니다 6개월 째ㅋㅋ 투자 현황을 바로 바로 볼수있어 좋고요 변동 현황을 확인할수있어 좋아요 적금 처럼 달달이 입금하고 있어요 앞으로 에임의 행보를 믿어 의심치 않고 잘 따라 가도록 할게요 이상한대로 가는거 아니죠? ㅋㅋ,answer
강성두,5,2019년 10월 10일,2019년 10월 10일,펀드만 알고 지내다가 에임( ETF 투자)을 알고부터 장기투자 및 투자자산 배분이 중요하다는 것을 알게되었고 단기 실적에 연연하지 않게 되었습니다.,answer
GJ Min,5,2019년 10월 10일,2019년 10월 10일,쉽습니다 은행보다 에임을 강추,answer
yooil kim,5,2019년 10월 10일,2019년 10월 10일,깔끔하고 간단하지만 필요한 정보는 모두 확인할수 있는 앱 입니다.투자 자문회사가 아니라 디자인 회사가 만든 앱 같아요.긴 호흡으로...,answer
민명기,5,2019년 10월 10일,2019년 10월 10일,현재2달 사용중 안정적인 운영에 매우만족~!!,answer
김복식,5,2019년 10월 10일,2019년 10월 10일,배탕금이 꾸준히 나와서 좋아요,answer
wp kong,5,2019년 10월 10일,2019년 10월 10일,인정적으로 좋은 수익률 보이고 있어요 달러 투자라 환헷지 개념도있어서 만족하고있습니다.,answer
임승준,5,2019년 10월 10일,2019년 10월 10일,단순하고 직관적인 기능을 가진 앱. 다만 어드바이저인 관계로 실제 입출금에는 제한이 많음,answer
donggun kim,5,2019년 10월 10일,2019년 10월 10일,훌륭한 투자 기회가 생긴것 같아 기쁘고 앞으로도 함께 가길 기원합니다^^,answer
Yoonyoung Han,5,2019년 10월 10일,2019년 10월 10일,수익률 높은 채권투자는 에임만한게 없습니다. 요새 가장 믿고 씁니다.,answer
TaeKwon Jung,5,2019년 10월 10일,2019년 10월 10일,편리하고 좋은 어플입니다! 번창하세요,answer
잠만보,5,2019년 10월 10일,2019년 10월 10일,현재 넉달 이용 중인데 +이기도 하고 피드백을 잘해주셔서 만족스럽습니다,answer
Arnault Woo Hyeon Lee,5,2019년 10월 10일,2019년 10월 10일,수익도 좋고 잘쓰구있어요~~,answer
허영길,5,2019년 10월 10일,2019년 10월 10일,직관적이고 사용하기 편합니다,answer
Gyung Deok Han,5,2019년 10월 10일,2019년 10월 10일,수익률도 준수하고 앱도 깔끔합니다.,answer
dw kim,5,2019년 10월 10일,2019년 10월 10일,에임을 만나고 수익율이 올라갔어요 건의사항 여러개의 계좌개설?또는 포트 폴리오 만들수있게 해주시면 좋겠습니다 ex 1000만원은 공격적인 성향으로 운용 1계좌 2000만원은 원금 손실 최소화 1계좌 1000만원은 장기 투자용 1계좌 이런식으로 가능 하게 해주셨으면 합니다 더 좋은 투자가 될수있도록 노력해주세요.,answer
장명훈,1,2019년 10월 9일,2019년 10월 9일,탈퇴는 어떻게하는거죠? 탈퇴해주세요,answer
한도희,1,2019년 10월 9일,2019년 10월 9일,"글쎄요 저는 어떠한 정보가 유용하게 제공되어지는건지 알았는데 수수료도 그렇고 주식 정보 유료 가입방 그런 느낌인데, 제가 이앱을 잘 활용해보지 못한걸까요? 별 다섯개 그런 평점도 있고한데 저는 이해하지 못하겠습니다. 페이스북 72법칙 인터뷰 동영상을 보고 앱 설치를 해보았으나 제가 받은 느낌은 주식 정보 유료방 그런 느낌이라 제가 앱을 자세히 활용해보지 못한건지 잘모르겠습니다.",answer
ares k,1,2019년 10월 8일,2019년 10월 9일,설치했다가 삭제했습니다. 인증하기전에 투자대상에 대해 자세히 볼수없다는건 너무 폐쇄형 아닌가요? 에임만의 세상에서 투자들 많이 하시길 기원합니다,answer
won seok Kim,4,2019년 10월 8일,2019년 10월 8일,대학생인데 소액(오백만원 미만)으로 할 수 있을까요?,answer
권유일,5,2019년 10월 8일,2019년 10월 8일,"여러 장점이 있지만, 무엇보다 대표님의 투자 철학인 '수익 안정성' 지향을 최우선으로 꼽고 싶네요. 근로소득만으로 평생 살 수 없고 예적금 금리는 터무니 없이 낮은 데다가 개인이 현재 국내 증시에서 수익을 얻기 무지 힘든 점을 고려하면, 검증된 투자 전문가의 자문을 통해 해외투자를 하는 건 필연적인 해결책이라 생각됩니다. 긴 호흡 가지고 AIM과 함께 하고 싶습니다!",answer
내사수뿌셔,1,2019년 10월 8일,2019년 10월 8일,하...,answer
김겨울,1,2019년 10월 6일,2019년 10월 7일,별로,answer
윤일,1,2019년 10월 5일,2019년 10월 6일,탈퇴는 어떻게합니까..아무근거없이 삼백을 투자하라니...ㅎㅎ,answer
toto ro,5,2019년 10월 2일,2019년 10월 4일,"대표님 강의 듣고 앱 다운로드 받고 계약했습니다. 부자들에게만 허용되었던 자산관리사를 보편화시키고 싶으시다는 말씀, 월가에서 쌓은 실력, 전문 자격을 갖추고 계신 것에 믿음이 갔어요. 관련 기사들에 달린 안좋은 댓글들은 아마 장벽을 부수지 않으려는 사람들이나 그냥.. 부정적인 사람들이 아닐까 싶습니다. ETF 매수 전 보내주신 확인서도 합당했고 그래서 주문체결승인을 했습니다. 앞으로 잘 부탁드립니다.",answer
정재규,5,2019년 10월 1일,2019년 10월 1일,바로 환불처리됬네요 aim 감사합니다~~^^*,answer
Dae-Young Kim,5,2019년 10월 1일,2019년 10월 1일,좋아요 아주,answer
이재형,5,2019년 9월 29일,2019년 9월 30일,자산관리에 매우 좋습니다,answer
seung taek hong,4,2019년 9월 29일,2019년 9월 30일,훌륭합니다 도움이 많이 될거 같습니다.,answer
이정희,5,2019년 9월 27일,2019년 9월 27일,신분증 사진이 안찍혀 계좌개설불가,answer
노우현,4,2019년 9월 27일,2019년 9월 27일,체험?을위한 더 소액시작 플랜도 있으면 좋겠어요,answer
선웅규,5,2019년 9월 26일,2019년 9월 27일,"유용합니다. 그런데, 법인 계정으로 가입해서 사용할 수는 없는거죠?",answer
SEOK D,5,2019년 9월 26일,2019년 9월 27일,The best👍,answer
황형식,5,2019년 9월 26일,2019년 9월 27일,만족하고 편리합니다,answer
김혁,3,2019년 9월 26일,2019년 9월 26일,가입 및 투자 시작 시점이 빨라졌으면 좋겠음. 신분증 촬영으로 애먹음,answer
i n,1,2019년 9월 21일,2019년 9월 21일,깔면 광고 스팸 엄청옵니다.,answer
남승엽,5,2019년 9월 17일,2019년 9월 18일,국내 주식만 개미로써 투자해봤지 개인이 전문가 케어를 받는다는게 쉽지 않았습니다. 신세계가 펼쳐진거 같네요.. 번창하시기 바랍니다(회사 관계자 절대 아님),answer
JASON LEE,1,2019년 9월 17일,2019년 9월 17일,고객을 대하는 태도는 별 하나도 아깝다.,answer
카이랑겔다,5,2019년 9월 14일,2019년 9월 16일,사용한지 일년조금넘었고 처음시작은 한국투자였는데 앱사용이 훨씬더 접근성이 좋고 투자에대한 자세한 설명이 좋아 갈아탔습니다 거의 시작과동시에 증시 대폭락을 맞았고 내생애 기관을 통해서 하는 첫투자였는데...정신이 혼미^^;;했었답니다 원래 투자결심의 확정적 이유가 대표이력이었는데 폭락으로 인해 리밸런싱문의로 QnA에 매일같이 징징대던 제게 이지혜 대표께서 전화를 주셨습니다 저...완전 당황...;; 저에게 2시간 가까이 쓰셨고 제속에 투자회사들에 갖고있던 쓰레기같은 감정에 대비해 AIM에 진심 감동했던 날이었습니다 대표가 신념이 확실한 사람입니다 수익률은 말할필요도없구요 감사드리고 앞으로 더 성장할 에임 응원합니다,answer
윤종인,4,2019년 9월 14일,2019년 9월 16일,첫계약 이후에 추가납입금액 최소액은 얼만가요? 적립식으로 하고싶어 여쭤봅니다. 그리고 가능할 경우 수수료는 마찬가지로 1프로인지도요,answer
장민우,5,2019년 9월 12일,2019년 9월 9일,앱사용 잘하던 사람인데 최근 업데이트 이후에 업데이트 설치가 제대로 안되서 지웠더니 이젠 설치가 아예 안되네요.. 어제도 안된다고 리뷰를 남겼더니 지워버린건지 사라져서 다시 남깁니다..제 기종은 갤럭시s10 플러스입니다,answer
도담아빠dodampapa,5,2019년 9월 12일,2019년 9월 16일,가입한지 한달만에 시작해보렵니다 건강한 투자 기대해봅니다,answer
김종식,5,2019년 9월 10일,2019년 9월 11일,시작한지 한달반 됐는데...얼마전 무역분쟁으로 시끄러울때 안정을 유지하며 자산을 지켜가는것을 보고 장기투자가 가능하겠구나 생각했습니다...안정적으로 전체 시장의 성장 확대를 기대하고 간다는 대표님 철학에 공감....^^...금융회사에 믿음이 가긴 난생 첨 입니다. 모쪼록 신뢰가는 금융회사로 많은 발전 이루시길...,answer
구이고등어,5,2019년 9월 10일,2019년 9월 2일,에임 앱이 먹통이네요 프리징 상태로 로그인이 안됩니다 ------하루만에 해결되었네요 수고하세요!,answer
HyoSeong Lee,5,2019년 9월 10일,2019년 9월 10일,계속 나아지고 있습니다,answer
Byung woo Kim,5,2019년 9월 8일,2019년 9월 10일,"1년 사용하고 계약 갱신 시점이 도래해서 재계약 했습니다 ㅎㅎ 수익률 측면에서도 아주 만족하지만, 가장 좋은 점은 뭐니뭐니해도 '알아서 다 해준다는 점, 그것도 최대한 좋은 것만 해준다는 점'입니다. 환전, 포트폴리오 구성 등등...그리고 최근에 이용료(?) 제도에 조금 변화가 있었지만, 전 오히려 이전보다 조금이라도 더 합리적인 이용료를 내고 사용할 수 있어서 마음의 짐을 덜어가고 있습니다ㅎㅎ 사실 이전 이용료는 터무니 없이 낮아서 회사가 사업을 종료하면 어쩌지... 내 자산 관리를 계속 해줘야하는데..하는 웃픈 고민도 했습니다. 제가 시작한 시점은 작년 9월로 미국주식이 곤두박질 칠때였고 실제로 당시엔 자산 하락도 마주했지만, 배당+환율의 위력으로 선방했고, 세미나에서 대표님이 강조한 '시간의 위대함'을 되새기며 결국 수익을 내고 있습니다. 에임이 커져가는 만큼 모두를 만족시킬수는 없겠지만 그래도 이렇게 도움을 받고 응원하는 에이머가 있다는 사실도 기억해주세요!",answer
DOYONG KA,4,2019년 9월 7일,2019년 9월 10일,"최적화된 포트폴리오를 구성하여 투자자로 하여금 안심하고 자산을 맡길수가 있네요. 다만, 계약연장, 해지 후 재계약, 리밸런싱 등 이런 기능들이 배너를 통해서 어플 자체의 기능을 강화해야할 듯 합니다.",answer
일체유심조,5,2019년 9월 7일,2019년 9월 10일,"자산 포트폴리오가 너무 한쪽으로 편중되어 있어서 요즘 계속 금융쪽에도 관심을 가지던 중 에임을 알게 되었습니다. 유튜브에서 대표님의 말씀과 글들을 읽어보면서 에임에 대해 점점 확신을 가지게 되고 저 나름대로 공부도 하였습니다. 좋은 기회로 에임 오리엔테이션에 참가(손x희) 하게되었고 그로인해 대표님의 에임에 대한 비전이나 여러 좋은 말씀을 많이 들었습니다. 특히 와닿았던 부분은 회사의 이익보다도, 많은 사람들을 부유하게 만들기위해 선한의지로 이일을 하고 있다는 점이였습니다. 그리고 지키는 투자, 길게하는 투자, 버티는 투자를 해야한다는 말씀도 와닿았습니다. 이 짧은글로 회사와 대표님의 비전을 전달하기에는 부족하지만 앞으로도 에임과 함께 길고 오래 버티는 투자로 같이 하고자 하는 마음이 더 강해졌습니다~~",answer
정가브리엘,5,2019년 9월 7일,2019년 9월 10일,마음편한 투자 시간이 시장을 이기는 투자른 경험하고 있어요 국민연금과 더불어 에임에 투자한것이 저의 미래가 튼튼해지는 느낌이 들어요 에임♡♡ 번창하세요,answer
Sujie Kang,5,2019년 9월 6일,2019년 9월 6일,장기적으로 함께 갈 수 있는 좋은 금융 서비스를 제공해주셔서 감사합니다. 오프라인세션에서도 에임 대표님과 팀원 분들의 열정이 느껴졌습니다. 앱을 이용하면서도 빠른 피드백이 제일 인상적이었습니다. 앞으로도 응원합니다!,answer
Sang-Don Han,5,2019년 9월 6일,2019년 9월 6일,"소액 투자자들에게도 수준 높은 자산관리 서비스를 제공해 주시는 것에 감사하고 만족합니다! 아는 것 없이 장기투자를 할 수 없는데, 에임은 장기투자 할 수 있는 길안내를 해주는 서비스라고 생각합니다. ^^",answer
개발자는죽지않아요,5,2019년 9월 4일,2019년 9월 4일,S9+ 업데이트 안되는 건에 대해 언제 해결될까요? 삭제 후엔 설치가 안되네요. 물론 서비스는 만족합니다.,answer
P.T K,1,2019년 9월 4일,2019년 9월 4일,별 하나 드립니다.,answer
통신닥터Y,5,2019년 9월 4일,2019년 9월 4일,신기하고 색다른 경험 좋아요^^,answer
yoo seung min,3,2019년 9월 3일,2019년 9월 4일,업데이트가 안되네요,answer
황재원,5,2019년 9월 3일,2019년 9월 4일,잘 사용하고 있습니다 좋은 정보 감사합니다~!!,answer
김성화,5,2019년 9월 2일,2019년 9월 4일,정말 잘 이용하고있습니다. AIM 서비스를 운영하느라 고생하시는 분들께 박수를 보냅니다. 앞으로도 꾸준히 이용하고싶은 서비스에요. 미중무역이슈 이후 플러스 수익률로 나타나는 투자는 AIM 뿐이네요...나머지 투자도 조금씩 AIM으로 옮기는 작업을 하려합니다! 좋은 서비스엔 대가를 지불하는 게 당연하지요. 개편된 요금 정책에 대해 응원을 보냅니다.,answer
chulwoo choi,5,2019년 9월 2일,2019년 9월 4일,수익률이 좋아서 계속 이용할 의사가 있습니다 계속 쭉쭉 성장하는 에임이 되길 바랍니다!,answer
Youjun Lee,5,2019년 9월 2일,2019년 9월 4일,잘 이용하고 있습니다. 다만 전체 PUSH보낼때 순차적으로 보내길 추천드립니다. 서버 용량이 푸시 확인하고자하는 인원을 다 감당못하는 것 같습니다. 확인하고 싶은 정보인데 항상 대기열에서 넘어가질 않아 나중에 본다는게 까먹네요.,answer
박대,2,2019년 9월 2일,2019년 9월 2일,사용자 편의를 위한 다양한 페이지 추가를 기대합니다,answer
남형호,4,2019년 9월 1일,2019년 9월 2일,아직사요을안했어요,answer
loose hang,5,2019년 9월 1일,2019년 9월 2일,저 같이 투자(?)에 대해 잘 모르는 일반인도 금융투자를 시작할 수 있게 해주는 좋은 회사인 것 같습니다,answer
류원영,5,2019년 9월 1일,2019년 9월 2일,에임이용 7일차입니다~ 얼마전 포트폴리오수정때문에 직접전화도주시고 설명도잘해주셔서 감사했습니다 😊제공해주시는 자문서비스 정말좋은것같습니다. 에임을이용하는 많은분들이 에임을신뢰하고 자문서비스에 만족하고계시는거같아요. 간혹 소수분들의 뜨거운성원(?)에 많이힘겨우시겠지만 에임을 응원하고 신뢰하는분들이 훨씬더많으니 힘내시고 앞으로도 좋은자문 부탁드립니다~,answer
이지호,5,2019년 9월 1일,2019년 9월 2일,투자의 정석,answer
ᄂᄂ,5,2019년 9월 1일,2019년 9월 2일,대단하고 훌륭하십니다 다만 궁금한것이 있습니다 미국시장 조정기 성과는 어떠한가요? 예를들어 5월초~중순 7월말~8월초 미국시장이 하락세로 전환한다면 손실도 가능할것 같습니다,answer
김성록,5,2019년 9월 1일,2019년 9월 2일,"간편하면서도,실속있는 aim 앱.강력 추천합니다.",answer
안지호,4,2019년 9월 1일,2019년 9월 1일,얼마전까지 5만원이었던거같은데 할려고 보니 서비스이용료가 12만원이되었네요ㅠㅠ 12만원은 좀 부담스럽네요ㅜ,answer
ori ori,1,2019년 8월 31일,2019년 8월 31일,투자자에게 감정적인 대응을 하는 곳이 이성적인 판단을 할수있을까요?,answer
천영흠,5,2019년 8월 31일,2019년 8월 31일,화이팅! 직접전화주실줄은 생각도못했네요.,answer
kor nightwish,5,2019년 8월 31일,2019년 9월 2일,"1년 좀 넘게 사용 중인데 만족하고 있습니다. 단기차익이 아닌 장기투자를 통한 목독마련이라는 목적에 더 부합하는 서비스라 생각합니다. 다만, 작년부터 경기가 좋지않았음에도 제법 높은 수익률을 기록하여 이 점 역시 만족스럽습니다:) 오프라인세션을 통해 대표님 및 담당자들과도 이야기 나누어보았는데 능력과 신념 모두 갖춘 곳이라는 생각이 들었습니다.",answer
함광호,1,2019년 8월 30일,2019년 8월 30일,앱 실행중 계속 중단되네요? 이거 사용하지 말라는건가요?,answer
심슨오리,1,2019년 8월 30일,2019년 8월 30일,앱 실행도 안되게 해놓고 뭘하신다고ㅡㅡ 내 아까운 데이터만 날렸네ㅡㅡ,answer
궁뎅이,1,2019년 8월 30일,2019년 9월 4일,결국 돈을내라~,answer
L Miho,4,2019년 8월 29일,2019년 8월 30일,노트8인데 서비스 이용방법이 안나와요,answer
Gun Chang,5,2019년 8월 28일,2019년 8월 28일,"이런 재테크 앱은 처음이긴 한데, 설명도 잘되어있고, q&a 도 잘되어있어서 미리 쭉 훓어보면, 질문을 하려다가도, 말게되있습니다. 저는 궁금증이 많아서 질문을 여러 번 올렸는데, 응답도 확실히 해주셔서 만족하고 있습니다. 아직, 시작한지는 한달밖에 안됐지만, 저같이 투자에 게으른 사람에게는 좋은 앱같습니다. 이것 저것 신경쓸 것없이 가입하고, 계좌연동만 시켜놓으면, 업계 최저수수료만 받고 돈을 불려준다니, 그것도 업계 최고로 유능했던 분 중에 한분이!!!! 이보다 더 좋을수 있나요. 사실 이라면 이거 안하는게 어리석은거죠. 앞으로, 제가 은퇴하는 20년후까지 쭉 제 돈을 불려주실것을 믿습니다!!!",answer
SinQ Rhee,5,2019년 8월 26일,2019년 8월 27일,쉬운 해외 투자의 선두 주자,answer
humming simon,4,2019년 8월 25일,2019년 8월 26일,제공해주시는 금융서비스는 잘 이용하고 있습니다- 한가지 있었으면 하는 것이.. 시장 동향이나 전망에 대한 AIM의 view 입니다. 혹시 이런 쪽으로 서비스를 제공하실 계획이 있으신지.. 궁금합니다.,answer
Mike Jang,5,2019년 8월 23일,2019년 8월 26일,작은 비용으로 투자자문을 간편하게 받을 수 있습니다.,answer
김민수,5,2019년 8월 21일,2019년 8월 26일,사용 편리하고 좋습니다. 기대됩니다.,answer
유희진,4,2019년 8월 21일,2019년 8월 26일,1년 만기 다되어가는데 괜찮고 만족하는데 고객센터. 문의 하기.. 등등 그런부분에서 답답하고 때로 불인하기도 해요. 돈을 맡기는 입장에서 소통이 단절된 느낌이라..,answer
마크토리Marktory,5,2019년 8월 17일,2019년 8월 17일,투자 최소금액이 300만원인 이유가 있나요?,answer
jesua,5,2019년 8월 17일,2019년 8월 18일,신뢰하고 투자할 만합니다,answer
Foxs Red,1,2019년 8월 15일,2019년 8월 16일,일단 천오만원 입금 요망..안한다,answer
안병준,4,2019년 8월 15일,2019년 8월 26일,언제까지 떨어지는것인가,answer
Carpediem,1,2019년 8월 13일,2019년 8월 26일,"말만 거창할 뿐 알맹이가 없는 앱. 결론부터 얘기하자면 계좌개설 유도 후 증권사에게 돈을 위탁하게 유도하는 구조. etf 투자하고 싶으면 본인이 직접 계좌만들어서 투자하세요. 뭘믿고 이런 곳에 위탁을 하는 지 모르겠네요. 열심히 모은 돈을 본인이 투자 공부해서 투자할 생각을 하는 게 맞는거죠. 그리고 금융감독원에서 감독하고 있다고해서, 증권사에 위탁한 돈이 보장되는 게 절대 아닙니다. 그리고 이거 개발한 사람이 헤지펀드에서 오랫동안 일했고 이런 걸 내세워서 거창하게 말하는데 입증된 자료 전혀 없을 뿐더러, 설사 오래 일했다고 수익률이 좋은 건 아닙니다. 유투브 영상들 보세요. 말만 그럴싸하게 할 뿐 구체적인 알고리즘 구조에대한 설명은 전혀 없습니다. 결국 이 앱은 계좌개설 유도 후 위탁하게 하는 용도뿐이라고 보여지네요.",answer
sk c,5,2019년 8월 12일,2019년 8월 16일,좋습니다,answer
daring ohmy,1,2019년 8월 11일,2019년 8월 12일,유투브 광고에서 그만 좀 봤으면 좋겠어요,answer
strong super,5,2019년 8월 11일,2019년 8월 12일,다음주 월요일이 첫 시작입니다. 해외 주식은 막연했는데 AIM 앱과 함께라면 든든할거 같습니다. 많이 도와주세요.,answer
Ho-Jun Jung,5,2019년 8월 7일,2019년 8월 12일,주식투자에 대한 재미를 느끼게해주는 어플입니다. 감사합니다~,answer
장시혁TV,5,2019년 8월 3일,2019년 8월 6일,제가 변액연금 9년 가입하고 사업비도 너무 많이 떼고 수익률도 좋치 않아서 고민 많이 하고 결국에는 해지 하였습니다 손해는 안났지만 9년이라는 시간이 너무 아깝더군요 진작에 에임을 알았더라면 지금쯤 전 웃고있었을지도 모르겠네요 늦었지만 지금에라도 가입해서 다행이라고 생각합니다 앞으로 에임과 함께 성투했으면 좋겠습니다 화이팅!!!,answer
이경아,5,2019년 8월 1일,2019년 8월 6일,에임덕분에 쉬운투자 하고있어요 감사합니다,answer
전지훈,5,2019년 7월 31일,2019년 8월 6일,많은 수익기대합니다^^,answer
송지훈,5,2019년 7월 31일,2019년 8월 6일,이건 혁명이다. 투자를 모르는사람도 안전하고 쉽게 자산배분을 할수 있는 아주좋은 어플!,answer
m부의미래,5,2019년 7월 30일,2019년 8월 6일,good!!,answer
손잡이,1,2019년 7월 30일,2019년 7월 30일,앱 깔자마자 주식광고 문자 엄청날라오네요. 바로지웠는데 문자는 막을수가없네요,answer
jihoon Kang,1,2019년 7월 29일,2019년 7월 30일,"일단 투자를 잘한다는건 다른 앱들 핀트 등과 비교가 필요하고, 환매 , 문의 및 환전 등의 앱 기능이 너무 부족합니다.초창기 사기앱인줄 착각할정도로요",answer
June Lee,5,2019년 7월 27일,2019년 7월 29일,"정말 대단한 자산관리툴입니다. 에스더가 달러환율 인상을 예상하고 연초부터 달러현금비중을 높이는걸보고 좀이해가 안되었는데, 실제로 환율이 올라 자산가치를 올리는걸보고 놀랐습니다. 그이후로 에임에 대해 완전한 믿음이 생기고, 또 너무 고마워서 여유자금생길때마다 계속 추가입금중입니다. 이리 좋은 서비스를, 이렇게 저렴하게 사용하게 해주셔서 정말 감사합니다. 그리고 에임의 성공을 진심으로 응원합니다!",answer
seseong Oh,5,2019년 7월 25일,2019년 7월 29일,앱 깔끔하고 반응도 좋고 즐겁게 투자하고 있어요,answer
최민철,5,2019년 7월 24일,2019년 7월 25일,역대급 어플입니다. 당장 하세요!,answer
uno kang,5,2019년 7월 24일,2019년 7월 25일,에이밍 1일차..앞으로가 더 기대되고 설레입니다. 에임을 알게 된게 행운이었음을 언젠가는 느끼겠죠??? ^^ 앱 심플하고 좋아요..번창하세요~홧팅~♡,answer
Zonghwan lee,5,2019년 7월 23일,2019년 7월 25일,아주 좋아요,answer
Shin Dan,5,2019년 7월 23일,2019년 7월 23일,사실 개인투자는 두렵고 목돈은 없고 늘 고민했는데 한번 믿고 오늘 부터 시작합니다.,answer
Jung daniel,5,2019년 7월 23일,2019년 7월 23일,쉬운 설명 편한 UI,answer
이재석,4,2019년 7월 23일,2019년 7월 23일,경험중,answer
FM환불,5,2019년 7월 22일,2019년 7월 23일,돟아용,answer
hongdo kim,5,2019년 7월 19일,2019년 7월 22일,좋아요,answer
iljong han,5,2019년 7월 18일,2019년 7월 22일,괜찮음.,answer
Master Chief,1,2019년 7월 16일,2019년 7월 17일,투자에 전혀 무지한 사람이 써보기엔 조금 어렵네요. 무턱대고 계약이나 계좌 개설이라는걸 하기에는 신뢰하기 어려운 부분이 있구요.,answer
이태훈,4,2019년 7월 16일,2019년 7월 16일,안정적입니다,answer
박진석,5,2019년 7월 16일,2019년 7월 16일,아직은..,answer
이승찬,5,2019년 7월 14일,2019년 7월 16일,저도 다음달에 300모이는데 한번 투자해봐야겠네요^^,answer
김호영,5,2019년 7월 14일,2019년 7월 16일,지인의 추천으로 6개월전에 에임을 처음 알게되었는데 아무것도 모르는 제가 투자에 대해 관심을 갖고 손쉽게 다가갈 수 있었던것 같아 매우 만족하고 있습니다. 꾸준히 진행해 나가보렵니다 ^^,answer
권재황,1,2019년 7월 14일,2019년 7월 16일,욜로족으로 살거면 별5개,answer
B reath,4,2019년 7월 13일,2019년 7월 16일,Aim 의 다른말은 iam 즉 존재인 나 라는 뜻이죠.,answer
김재관,1,2019년 7월 12일,2019년 7월 12일,앱 설치하고 나서인거 같은데 주식 관련 유익한 정보를 주겠다며 거의 매일 스팸 전화가옵니다. 이게 정상적인 건지요? 이런 어플인줄 알았으면 안깔았을겁니다.,answer
jed Park,5,2019년 7월 9일,2019년 7월 9일,가입 투자한지 2달이네요 엄청 만족하고 있습니다 근데 앱 내에서 질문은 어떻게 해야하는지 모르겠네요?,answer
김성훈,5,2019년 7월 7일,2019년 7월 9일,가입도 쉽고 투자하고 싶은 마음이 드네요! 힘내시고 저희들 투자금 잘굴려주서고 돈많이 벌어 주는 에임이 되주세욧~^^♡,answer
박준규,5,2019년 7월 7일,2019년 6월 25일,ETF에 관심이 있었지만 우리나라에서 직접적으로 해외ETF를 하기에는 쉽지 않죠. AIM을 지금이라도 알게되어 매우 좋습니다. 꾸준히 믿고 가보려 합니다. ^^,answer
제서비TV,5,2019년 7월 5일,2019년 7월 5일,조금씩이지만 안정적인 수익확보하고 있네요^^,answer
김동혁,5,2019년 7월 5일,2019년 7월 5일,해외투자에 대한 막연한 두려움과 무지가 실행에 옮기려는 결단보다 커 투자는 안하고 검색만 줄창 하다가 에임을 알게되어 많이 검색해보고 정보도 알아보며 더이상 망설이면 안되겠다는 어떤 확신이 생겼습니다. 뭐라 딱 설명할 수 없이 상품이 어려운건 사실이지만 ETF의 우수성은 어느정도 알고 대표님의 마인드도 느낄 수 있었기에 투자를 결정할 수 있었습니다. 이제 시작한지 보름정도 됐는데 단기실적에 연연않고 길게보고 계속 투자를 이어가겠습니다. 제발 광고가 잘 안되서 투자자 인입이 어려워 사업을 접으시는 일이 없기를 간절히 바래봅니다. 계속 에임할 수 있게 해주세요!!,answer
김진환,5,2019년 7월 2일,2019년 7월 5일,"알게된건 오래전인데 지금 시작했어요 현재까지는 매우 만족하고 있습니다. 혹시 연금저축이나 IRP에 로보어드바이저를 도입 하실 계획은 없나요? 연금하고 IRP로 저축을 많이 하고 있는데.. 그 부분도 나왔으면 좋겠어요. 그리고 매월 20만원씩 추가 저축 하는 부분도.. 매일 저축할 수 있는 부분으로 변경되면 어떨까 해요. 펀드슈퍼마켓 통해서 지금은 매일 소액씩 자동 매수 하고 있는데, 이런부분도 도입되면 좋을 것 같아요. 그리고 한가지 더 궁금한점은, 현재 미화 현금으로 일정 부분 보유 중으로 나오는데 이 금액에 대해서 예수금 이자를 받을 수 있나요?",answer
Seung-Ho Ryu,5,2019년 7월 2일,2019년 7월 2일,대표 투자 서비스로 거듭나길 바랍니다. ;-),answer
황교안,5,2019년 7월 1일,2019년 5월 21일,긍정적인 마인드,answer
CHOI K.S,5,2019년 6월 25일,2018년 8월 28일,좋아요,answer
fami lee,5,2019년 6월 25일,2019년 6월 25일,두달째 이용중입니다 아직까지는 아주 훌륭합니다,answer
Junho Lee,3,2019년 6월 24일,2019년 6월 25일,으윽 저에겐 아직 이용료가 비싸다 여겨지는군요.. 다음에 기회가 된다면 다시 다운받겠습니다.,answer
재민최,5,2019년 6월 21일,2019년 6월 21일,지금 설치만 한상태인데 문의드립니다 1. 이게 매달 적립식으로 투자하는 방식인가요?아니면 묶어둘수있는 여유자금을 넣고 그거로 시작후 추가자금 계속 넣을수있는건가요? 2. 그리고 수수료는 정률로 하는지..아님 매달 정액으로 하는지... 3. 자문형태라고 하시면 얼마의 바운더리안에서 뭐를 얼마 담아라 라고만 하는건지 아니면 자동으로 거래해주시고 평가 금액을 보여주시는건지요,answer
박병진,5,2019년 6월 20일,2019년 6월 25일,"첫째, 빠른 Feedback이 좋다. 둘째, 알고리즘 + 사람 검토까지 해준다. 예를 들어, 그냥 컴퓨터가 대충짜주는 일괄적 Portfolio 가 아닌 듯하다. 또한, 명확한 목표를 달성할수 있는 Poetfolio 를 짜주려 노력하는 느낌 셋째, 시작한지 얼마안되었지만 잘 Care 해주는것 같아 감사합니다. 마지막으로 개선에 대한 의견 : 자산, 수입 구간 상세화 필요. 예를 들어, 연봉 5,000만원이고 자산 1억인사람은 표현할 방법이 없음(연봉 3,500만원 or 7,500만원이 선택됨)",answer
히든이랑별이랑,2,2019년 6월 20일,2019년 6월 20일,그럭저럭,answer
HD James,4,2019년 6월 18일,2019년 6월 20일,해외 주식에 관심은 있었으나 접근할 방법이 불편했는데 저에게는 딱인거 같아요 새벽에 잠이안와 광고보다가 바로 개설하고 이체했네요^^ 앞으로 같이 발전해 나갔르면 합니당~~^^ 나의 자산관리 전문가에게~~~,answer
Jinho Yang,5,2019년 6월 18일,2019년 6월 18일,앱이 빠르고 직관적이라 좋습니다. 다운받고 바로 투자 시작했습니다. 좋은 실적 기대합니다,answer
노용우,5,2019년 6월 17일,2019년 6월 18일,함 해볼자,answer
HongKyung Kim,5,2019년 6월 16일,2019년 6월 18일,사람보다 알고리즘을 더 믿고 종목보다 ETF 상품을 믿기때문에 사용합니다. 좀 아쉬운 부분을 말하자면 구입한 ETF 상품별 PERFORMANCE 를 실시간으로 볼수 없다는 점입니다.,answer
공시생,5,2019년 6월 11일,2019년 6월 13일,오랜 고민 끝에 AIM saving을 시작한지 8일째 입니다. 아직은 시작 초기라 눈에 띄는 변화는 없지만 기대해봅니다. 그리고 saving과 investing을 동시에 할 수 있는 날이 빨리 왔으면 좋겠습니다. 무한한 발전을 빕니다.,answer
Eun-Soo Paik,5,2019년 6월 11일,2019년 5월 3일,응원하는 마음으로 지켜보고 있습니다,answer
송호범,5,2019년 6월 9일,2019년 6월 10일,"달러기반, 지수기반투자이기에 하락하여도 걱정이 많지않아 좋습미다",answer
배니시,5,2019년 5월 31일,2019년 6월 4일,매우 심플,answer
YJ,1,2019년 5월 31일,2019년 5월 31일,주식10%클럽 같은거 하시면 지옥 경험합니다.,answer
김성용,5,2019년 5월 29일,2019년 6월 4일,monthly aim 잘들었습니다. 서비스 이용하기로 결정했습니다. 서비스 외적으로도 도움드리고 싶네요ㅎㅎㅎ,answer
이동호,5,2019년 5월 23일,2019년 5월 28일,안전한 투자처를 찾고계신다면 에임을 강력 추천합니다,answer
장지영,5,2019년 5월 7일,2019년 5월 7일,비대면이지만 대표님과 직접 통화를 하면서 궁금점을 해소할 수 있어서 좋았습니다! 믿음이 갑니다~,answer
정경섭,5,2019년 5월 4일,2019년 5월 4일,.....정말 투자해보고싶은데.... 알바하는 31살 노총각이라서... 투자 금액 300도 못하는 제가 싫어지네요.. 광고 떠서 빠져들고 한 번 해보고싶었지만... 300이 없어서 포기합니다.. 다음에 자금 여유가 되면 다시 한 번 해보겠습니다.. 지금은 돈 모으기도 급급하네요.. 다음 기회에 이용해보는 걸로 하겠습니다..,answer
G.M. Trading.,5,2019년 5월 3일,2019년 5월 3일,에임 투자 시작해봅니다. 블로그에 성과를 기록해보겠습니다. ^^,answer
신준호,3,2019년 5월 1일,2019년 5월 1일,비대면 계좌 하나 만드는데 인식이 너무 안됩니다. 하다가 30분넘겼고 포기했습니다,answer
김민규,5,2019년 5월 1일,2019년 5월 2일,"처음 에임하기 전에 반신반의했는데, 실제 투자를 하기로 맘 먹은 이후, 제게 눈에 띄는 변화가 생겼습니다. 글로벌 투자에 지속적인 관심을 갖게 된 것 인데요. 아침에 눈 뜨자마자 국내 경제 지표는 물론이고 세계경제 뉴스를 살펴보게 되었습니다. 수익률도 좋고, CEO의 철학도 상당히 인상 깊었는데 이러한 점 보다 근본적으로 투자에 관심을 갖게 되어 금융시장을 대하는 마인드의 변화를 갖게 해준 것이 가장 큰 성과네요. 앞으로도 쭉 함께 성장 할 수 있었으면 좋겠습니다!! 추천합니다!",answer
런어,5,2019년 4월 30일,2019년 5월 2일,최고의 수익률~^^,answer
Jeonghun Jang,5,2019년 4월 30일,2019년 5월 2일,수익이 나기를!!,answer
윤현우,5,2019년 4월 30일,2019년 4월 30일,처음에 한국식 나이로 설정했는데 나중에 주민등록증 인증하려고 하니 처음 정보하고 일치하지 않는다고 인증이 불가능하네요. 나이도 못 바꾸고 아무것도 못 하게 됐어요.,answer
Roy Jung,1,2019년 4월 30일,2019년 4월 30일,아니 무슨 가입만했는데 주식관련 스팸문자가 여기저기서 오나요??? 개설하기도 전부터 개인정보유출 피해보네요 이래서 믿고 하겠나요???,answer
park jong cheon,5,2019년 4월 29일,2019년 4월 30일,ETF 투자의 최고의 플랫폼입니다.,answer
sengyong Lee,5,2019년 4월 25일,2019년 4월 30일,어려운 투자구조를 손쉽게...대박!!!,answer
조성문,5,2019년 4월 23일,2019년 4월 25일,"먼슬리모임 너무 유익했습니다. 시간을 더 많이 소비해도 재밌을 거 같은데 아쉽네요 ^^;; 더 좋은 시간, 발전 기대하겠습니다. ""에임""에도 직접 투자하면 어떨까하는 생각도 해봅니다",answer
Popopi K,5,2019년 4월 16일,2019년 4월 18일,투자앱임에도 직관적이고 군더더기 없이 깔끔합니다.,answer
김도하,5,2019년 4월 8일,2019년 4월 9일,일단은 정규장 시간에 일을해야되는 사람인지라 여유돈을 다른쪽으로 빼서 굴려보고싶은데 여기로 한번 해보겠음 그리고 몇개 댓글봣는데 투자는 투자자 본인이 위험을 감수해야되고 투자 판단과 책임은 오로지 본인에게있는겁니다,answer
오늘만산다,5,2019년 4월 4일,2019년 4월 4일,"에임 설마하고 써봤는데, 너무 좋은 것 같아요. 맞춤 포트폴리오로 투자 시작했어요. 안정성에서 최고인 것 같네요. 수익성도 대만족입니다. 앞으로 더욱 더 발전하는 에임이 되면 좋을 것 같아요. 투자가 어렵지 않게 만들어준 에임, 감사합니다.",answer
KYLE KIM,3,2019년 3월 31일,2019년 4월 1일,뭘 믿고 300만원을 투자하죠... 만에 하나 회사가 어려워지면...부도가 난다면 보증보험 등으로 300만원 (+ -)을 보장 받을 수 있나요?,answer
민성홍,5,2019년 3월 29일,2019년 4월 2일,안전&수익성 모두 매우 만족합니다. 좋은 서비스 만들어주셔서 감사합니다.,answer
강경일,5,2019년 3월 27일,2019년 3월 29일,"워렌버핏이 추천한 ETF 투자를 편하게 할수있어 강추합니다. 개미가 기관투자가 및 외국인투자자와 맞붙어 버텨낼수 없는데, 로보어드바이저를 이용하여 미국 ETF 펀드중에서 개인투자성향에 맞춰 주식 및 채권으로 구성된 펀드에 가입할수 있어 편하고, 수수료 또한 저렴하답니다. 또한 CEO의 기업철학이 너무 가슴에 와 닿아 많은분들께 알려 졌으면 좋겠다싶어 강력 추천드립니다.",answer
Hong Sik Kim,5,2019년 3월 27일,2019년 3월 29일,추천합니다!!,answer
Seongsu Kim,5,2019년 3월 27일,2019년 3월 29일,투자에 관해 잘 지도해 주십니다.,answer
Gun-Hwa Go,5,2019년 3월 27일,2019년 3월 29일,대표님이 열정을 가지고 설명하십니다.,answer
이재황,5,2019년 3월 27일,2019년 3월 29일,"굿! 깔끔한디자인, 잘쓰고있습니다 ㅎㅎ",answer
재경,5,2019년 3월 6일,2019년 3월 8일,강연 잘 들었습니다!,answer
Yoonho Kim,5,2019년 3월 6일,2019년 3월 8일,부담없이 시작 할 수 있어서 정말 좋네요! 수익 많이 나길..!,answer
김지영,5,2019년 3월 6일,2019년 3월 8일,잘 쓰는 중이고 앞으로도 자산관리에 열심히 활용해보려고 합니다. 좋은 앱 감사합니다!,answer
Hyejeong Kwon,5,2019년 3월 6일,2019년 3월 8일,아주 좋아요 앞으로 계속 함께하길 기대합니다!,answer
WOOJIN KIM,5,2019년 3월 6일,2019년 3월 8일,덕분에 안정적으로 투자를 시작하고 알아가고있습니다. 감사합니다,answer
Hong Sun Jung,5,2019년 3월 6일,2019년 3월 8일,많은 사람이 쓸 수 있었으면 좋겠습니다,answer
Love The,5,2019년 3월 6일,2019년 3월 8일,좋은 서비스 한국에 도입해주셔서 감사합니다.,answer
Google 사용자,5,2019년 3월 5일,2019년 3월 5일,구웃,answer
Doo Seup Kim,5,2019년 3월 4일,2018년 7월 17일,탁월한 자산관리서비스! 더 좋은 product를 위해 응원합니다.,answer
허언증말기환자,5,2019년 2월 28일,2019년 3월 4일,계좌에돈보냈는데 자동으로 투자가된건가요,answer
Hyunsik Yoon,5,2019년 2월 26일,2019년 2월 27일,고객과 소통하는 투자회사 회사의 투자 철학을 공유하는 투자회사 멋지네요,answer
Jae Sung_Micheal Kim,5,2019년 2월 26일,2019년 2월 27일,재테크를 쉽고 편하게 할수 있어서 좋습니다,answer
kitak lee,5,2019년 2월 24일,2019년 2월 25일,신뢰할 수 있는 투자 tool,answer
손정우,5,2019년 2월 23일,2019년 2월 25일,"2월20일 을지로 위워크에서 오리엔테이션을 듣고 에임 투자를 한 것에 대한 확신을 얻었습니다. 장기적인 안목과 분산투자 , 금융의 기초인 한 바구니에 모든 달걀을 담지말라는 의미를 다시 깨닫게 되었습니다. 정기적으로 오리엔테이션 및 Meeting이 있었음 좋겠습니다.",answer
Kyung Hwan Kim,5,2019년 2월 21일,2019년 2월 22일,사용이 쉽고 모든 정보가 명확히 제공됩니다,answer
정두필,5,2019년 2월 21일,2019년 2월 21일,아주 편하고 좋네요..,answer
김종민,5,2019년 2월 20일,2019년 2월 21일,오늘 설명회를 듣고나서 설치하였습니다. 메뉴구성이 시원시원해서 좋네요. 저같이 바쁜 직장인들이 자산관리하기에 좋은 앱인것같습니다.앞으로도 좋은 발전 기대합니다.,answer
Tae Oh Kim,5,2019년 2월 20일,2019년 2월 21일,에임과 함께 성장하고 싶습니다 좋은 친구가 되길! 오티 다녀오고 나니 마음이 든든합니다 나무가 아닌 숲을 보는 연습을 해야겠어요 신규 사용자분들위해서 오티 자주 하면 좋을것같아요~😁,answer
Soodori,5,2019년 1월 23일,2019년 1월 24일,사용자 경험이 이전에 비해서 많이 좋아졌습니다,answer
돈도토리,5,2019년 1월 23일,2019년 1월 24일,좋은 앱입니다,answer
Hongchul Mo,5,2018년 12월 19일,2018년 12월 23일,편하게 자산 관리해주는 좋은 앱입니다^^아주 잘 쓰고 있습니다,answer
Google 사용자,5,2018년 12월 9일,2018년 12월 10일,앞으로의 핀테크 산업이 사회에 미칠 유의미한 영향력이 정말 기대됩니다. 종잣돈을 모아 Aimer가 되고 싶네요ㅎㅎ 응원보냅니다!,answer
김인정,5,2018년 11월 29일,2018년 11월 29일,조금 더 쉽게 설명이 되여있었으면 좋겠습니다,answer
최재희,5,2018년 11월 28일,2018년 11월 29일,너무 좋은 경험이였습니다~^^,answer
남윤혁,5,2018년 11월 28일,2018년 11월 29일,배워가는 재미가있어요~~,answer
박대하,1,2018년 11월 22일,2018년 11월 22일,노트9 실행이 안되요,answer
이용남,5,2018년 11월 12일,2018년 11월 8일,오류수정 신속하게 해주셔서 감사합니다 ^^,answer
원지훈,5,2018년 11월 3일,2018년 11월 5일,판교 심포지엄에서 대표님 설명듣고 가입해봅니다!!,answer
samsung ing,5,2018년 11월 1일,2018년 11월 1일,ㅅㅅ굿,answer
yu rogan,4,2018년 10월 31일,2018년 11월 1일,굳,answer
신동렬,5,2018년 10월 23일,2018년 10월 25일,좋은 프로그램 감사합니다 :),answer
wonjae lee,5,2018년 10월 23일,2018년 10월 25일,에임 투자 한번해봐요.좋아요,answer
이영미,5,2018년 10월 23일,2018년 10월 25일,화이팅입니다,answer
곽태근,4,2018년 10월 23일,2018년 10월 25일,좋아요~,answer
Google 사용자,5,2018년 10월 23일,2018년 10월 25일,깔끔한인터페이스가 좋아요,answer
seo heechul,5,2018년 10월 23일,2018년 10월 25일,처음에 접근 하기가 쉽지않음. 해외 etf 채권등 분산 투자형태 ㅎㅎ,answer
황성욱,5,2018년 10월 23일,2018년 10월 25일,UI와 접근성 측면에서 사용하기가 편해요^^,answer
LEE JINYOUNG,4,2018년 10월 23일,2018년 10월 25일,앞으로 더 커다란 성장이 있을것이라 확신합니다. 투자기 아니더라도 이쪽 계열의 산업을 느끼고 싶다면 가입해서 한 번 찾아볼만 합니다 ㅎㅎ,answer
홍현민,5,2018년 10월 23일,2018년 10월 25일,에임의 투자 철학에 공감합니다.,answer
킴재이루,2,2018년 10월 20일,2018년 10월 22일,흠 이게 전혀 이해도 잘 안되거니와 어플자체에 설명같은것도 너무 부족하구요 결정적으로 한달동안 줄곧 곤두박질중ㅋㅋㅋ,answer
joshua kim,5,2018년 10월 5일,2018년 10월 5일,이제 첫째날 입니다. 수수료 기타 수입등을 총 합산한 자산이 얼만지 표시된 곳이 있나요?,answer
놈유진,5,2018년 9월 21일,2018년 9월 23일,"최초계약일과 계약만료일, 투자되고있는 상세내역(최초에 보여주는 포트펄리오)을 어디서 확인하는지 모르겠네요 ㅠㅜ",answer
피기현,5,2018년 9월 12일,2018년 9월 12일,"계약자산 100억 달성 축하드리며, 배당금 월합계 업데이트 고맙습니다ㅎㅎ 흥하세요~",answer
고재일,3,2018년 9월 11일,2018년 9월 12일,휴대폰 명의가 제가 아닌데 본인인증 다른방법은 없나요?,answer
이성민,5,2018년 9월 7일,2018년 9월 7일,고객의견에 바로바로 피드백이 있네요. 감사합니다.,answer
지나가는이,4,2018년 8월 31일,2018년 8월 31일,첫 계좌팔때 완전 내가 이러려고 앱깔았나 싶음. 다른 로보어드바이저는 편하던데 개선이 필요하겠지요?계좌개설이후는 so so.. 리밸런싱이 없는게...투자에 대한 흥미가 없어짐. 간혹 이익실현등으로 재투자를 유도하면 좋을듯..물론 좋은 환경에서요..,answer
이재연,4,2018년 8월 29일,2018년 8월 29일,담당자님 너무 친절한거 아니에요?? 직접 전화까지 주시고~ㅋ 앱은 정말 훌륭해요~^^ 하지만 기존 거액투자자들에게만 활용도가 높은것 같아요~^^;; 500만원도 작은돈은 아니자나요~?ㅋ 서민들도 투자의 기쁨을 누리고 맛볼수 있도록 해주세요~제발~~^^ 더욱 노력해서 소액도 투자할수 있도록 해주신다는말 믿고 기다리겠습니다~더욱 발전하고 건승하는 에임이 되길 바래요~^^/,answer
SeungYoon Park,5,2018년 8월 28일,2018년 8월 28일,"본인인증 시 인증번호 수신이 안되는데, 개선 부탁 드립니다. 앱 오류로 보이네요. 가입 진행이 안되어 이용을 못하고 있습니다.",answer
이성인,5,2018년 8월 27일,2018년 8월 28일,왠지 신뢰가 가는 느낌때문에 첫 투자에 도전해봅니다.,answer
0 Zero,5,2018년 8월 26일,2018년 8월 27일,!수익 극대화,answer
Jason Im,5,2018년 7월 28일,2018년 7월 30일,매우 기대됨,answer
Google 사용자,5,2018년 7월 25일,2018년 7월 26일,따뜻한 젊은이들이 만든 금융 서비스. 흥하라 !,answer
Google 사용자,4,2018년 7월 20일,2018년 7월 20일,국내 주식이나 ETF 투자 및 조언은 안해주시나요? 해외ETF전문인가요?,answer
서판교,5,2018년 7월 5일,2018년 7월 9일,"처음엔 반신반의했는데 확실히 은행보다 이자가 잘붙는거같아서 좋네요 근데 추가입금을 신청하고 돈을 넣었는데 확인이 안되고있어요ㅠ 이거만 
빼면 확실히 도움되고좋은거같아요",answer
Hanho Yoon,5,2018년 6월 15일,2018년 7월 9일,금융도 쉽네요 굿,answer
애플골프,5,2018년 6월 14일,2018년 6월 14일,리밸런싱할때 추가 비용 드는건가요?? 거래수수료?,answer
dong kwang ahn,5,2018년 6월 7일,2018년 6월 12일,깔끔하네요!,answer
오상열,5,2018년 5월 16일,2018년 5월 23일,최고앱입니다,answer
chi Moon,5,2018년 5월 15일,2018년 5월 17일,초기단계이지만 좋은 것 같네요. 다만 제가 포트폴리오를 처음 작성을 어떤것을 했는지 확인 할 수가 없는 것 같아요.,answer
jeongha lee,5,2018년 4월 6일,2018년 4월 6일,"50대 후반줄에 난생 처음 이 앱 덕분에 금융투자자산에 소액이지만 편리하게 투자를 해봤네요. 그것도 글로벌 분산투자를~~~ㅋ  자문사나 증권사 직접 컨택없이도  소액으로 간단하게 앱하나로 증귄사계좌개설과 함께 글로벌우량채권이나 주식에 그것도 알고리즘이 추천하는 종목에 자동주문이 들어가, 바쁘거나 게으르고 주식투자 문외한이면서 주식등락에도  신경쓰고 싶지 않는 사람들, 하지만 적은 여유자금이라도 이자가 거의 안붙는 은행에 예치하기는 억울한 사람들에게 너무나 편리하게 내자산을 안정적으로 불려주는 앱인것 같아요~~~^^",answer
sunghwan ko,3,2018년 4월 5일,2018년 4월 6일,에임을 2달간 이용하고 있는데요 앱 내에서의 수익률과 펀답에서 보는 수익률의 차이가 커요 왜 차이가 나는것이죠?,answer
김현구,5,2018년 4월 2일,2018년 4월 6일,인터페이스가 깔끔합니다. 입금 확인이 좀 오래걸리는게 불편하네요,answer
sung kim,5,2018년 3월 20일,2018년 4월 6일,안전하지만 확실한 투자인거 같네요,answer
HJ Kwon,5,2018년 3월 20일,2018년 3월 21일,좋네요,answer
김천국,5,2018년 3월 17일,2018년 3월 19일,핸드폰 인증 sms가 안와요,answer
BryanJuseob Shim,5,2018년 3월 15일,2018년 3월 15일,개인인증이 안 되요 어떻게 해야하나요?,answer
J Park,5,2018년 3월 4일,2018년 3월 5일,광고하려는 건 아니고 일임서비스가 국민 하나 카카오 등등 많이 있는데 경쟁이 심화되어 수익률에 관심이 많은 투자자들을 AIM에 어떻게 끌어 올지가 가장 큰 문제이자 경쟁력의 핵심이 될듯한데 이에 대한 것은 결국엔 수익률 밖에 없겠죠. 주식을 사는 대부분의 서비스와는 달리 좀 더 안전한  ETF를 기반으로 하는 AIM이기에 이를 어떻게 극복해 나갈지 관심있게 지켜보겠습니다^^ 화이팅!!!,answer
양문석,4,2018년 2월 20일,2018년 2월 21일,"앱 자체는 매우 깔끔하고 좋습니다. 여유 자금을 투자해 보려고 했는데.. 초기 설정했던 자문 정보를 바꿀수가 없네요. 앱을 삭제했다가 다시 깔아도 예전 자문 정보가 남아있어서.. 투자를 아직 하지 못하고 있습니다. 자문정보 변경은 지금은 불가능한것인가요??  아님 제가 못 찾고 있는 것인가요?? 변경이 가능하다면 알려주시고, 현재 앱에서 변경이 불가능하다면 업데이트 해주심 좋겠습니다.",answer
Jenny Park,5,2018년 1월 24일,2018년 1월 24일,자본이 많이 없어도 로보 어드바이저를 통해 전문적인 자문 받을수 있어서 너무 좋아요!,answer
Kwangyeol Lee,5,2018년 1월 23일,2017년 12월 19일,떠들썩하지 않더라도 조용히 숫자로 모든걸 설명해주는 에임. 엄지척 입니다. 앱 편의성은 덤이고 에임을 선택하는 기본 목적인 안정적인 자산관리 이건 기본이죠 아무리 말을 해도 직접 체험하지 않으면 공감하시기 어려우니 해보시길 적극 추천합니다,answer
박현준,5,2018년 1월 23일,2018년 1월 24일,정식 서비스 하고 가입하여 투자해보고 있습니다. 좋은 서비스 감사합니다! 아래와 같은 의견을 추가해봅니다.  1. 해외자산으로 거래가 생기다 보니 한화로 얼마인지 표시해주는 기능이 있으면 좋겠습니다. 2. 각 펀드별 수익률이 얼마인지도 앱에서 표시해주는 기능이 생기면 좋을 것 같습니다. 3. 추가 입금 기능은 언제쯤 오픈 예정일까요?,answer
Iam talker,3,2018년 1월 17일,2018년 1월 18일,로보어드바이저에 흥미가 있긴 한데.... 알다시피 돈을 다루는게 보통일이 아니고...음.... 기존 회원들의 수익률이라던가 뭔가 신뢰할수 있는 데이터를 제공해주면 좋겠는데 말이죠. 자문보수는 그렇다치고 무엇을 보고 돈을 맡기느냐는 질문이 있지 않습니까..,answer
SEAN EVANS,5,2018년 1월 13일,2018년 1월 15일,돈이 들긴 느네요. 앞으로도 쭉 늘어났으면 좋겠습니다. 감사합니다.,answer
Ji-Hong Boo,5,2017년 12월 29일,2018년 1월 2일,믿을수 있는 제대로 된 앱이 나왔네요,answer
S Lee,5,2017년 12월 27일,2017년 12월 27일,Aim high!,answer
MS Kim,5,2017년 12월 27일,2017년 12월 27일,사차 라는 이름을 붙인 수많은 동시대의 혁명들중에 투자쪽은 이 로보어드바이저 쪽이 아닐까요 . 앞으로가 더 기대됩니다.,answer
Mayo MIN,5,2017년 12월 25일,2017년 12월 26일,로보어드바이저의 갑오브갑! 시중은행 로보어드바이저랑은 비교할 수 없는 우수함과 간편한 UI 그리고 직원분들 빠른 피드백까지 어느 하나 빠지지 않는 최고의 앱입니다.  가장 좋은 건 투자하고 묵혀두면 알아서 최선의 투자를 해주는 알고리즘! 일단 해보시면 알게됩니다!,answer
김교수,5,2017년 12월 24일,2017년 12월 26일,자산관리 무지한 사용자가 이용하기에도 너무 편리하고 좋네요! 추천합니다,answer
Google 사용자,5,2017년 12월 23일,2017년 12월 23일,4월 부터 이용중입니다! 펀드 투자할때는 없었던 배당금이 거의 매달 들어오는군요😆 수익률이 확 떨어지지 않아서 좋아요!!다음 오프라인 이벤트도 기대해봅니다😶,answer
한두현,5,2017년 12월 20일,2017년 12월 21일,편리하고 매우 좋아요,answer
이형규,5,2017년 12월 20일,2017년 12월 20일,편하구 넘조아여 흥해랏,answer
최용현,5,2017년 12월 20일,2017년 12월 20일,"베타부터 사용중입니다. 1년 못되게 사용중인데 사용자들과 소통하면서 발전하는 모습이 정말 좋습니다. 초기 다소 복잡하던 첫걸음이 지금은 많이 쉬워졌고 부족한 정보도 보강되어 저도 더 신뢰를 가지고 이용중입니다.  국내 은행권에서 큰돈이 있어야 가능한 서비스를 낮은 가격으로 제공받아 좋고, 조금씩 자산이 늘어가는 모습을 보고있으니 역시 AIM 시작하길 잘했단 생각입니다. 앞으로도 늘 응원합니다!",answer
Jaemin Jung,5,2017년 12월 19일,2017년 12월 20일,자산관리를 포괄하는건 드무네요. 쓰기 편해서 좋습니다.,answer
Moonyong Yoon,5,2017년 12월 19일,2017년 12월 20일,투자자로서 수개월동안  지켜본결과 새로운 방식의 금융투자기법중에 사람의 오판을 줄여 투자자가 안정적인 수익을추구 할수있도록하는데 비교적 우수한 기법으로 판단됩니다.,answer
Junyoung Shin,5,2017년 12월 19일,2017년 12월 19일,"연계된 증권사 앱을 통해서 모바일에서 증권계좌를 바로 만들수 있고, 접하기 힘들었던 해외ETF에 투자할 수 있어서 좋습니다. 자산배분을 해주는 부분도 회사의 면면을 살펴보면 아주 신뢰가 갑니다. 앞으로도 더 좋은 서비스 부탁드립니다.",answer
Jerry Jang,4,2017년 12월 19일,2017년 12월 19일,오픈된 기능들은 모두 괜찮습니다. 이른 시일 내에 미 적용된 모든 기능들이 완비 되기를 바랍니다.,answer
Joon Yeon Hwang,5,2017년 12월 19일,2017년 12월 19일,단언컨데 이건 최고입니다. 시대를 너무 앞서나갈까봐 두려울 정도네요. 번창하시길 기원합니다!!!,answer
조남상,5,2017년 12월 19일,2017년 12월 19일,깔끔하게 투자할 수 있는 앱이네요....,answer
이충민,5,2017년 12월 19일,2017년 12월 19일,정말 유용한 앱! 최고입니다!,answer
Younggyoon Lee,5,2017년 12월 19일,2017년 12월 19일,"지난 몇달간 로보어드바이저 타이틀을 달고 나오는 몇몇 서비스에 시험적으로 투자하고 있는데요, AIM의 경우엔 꾸준한 수익율을 유지해주면서도 리밸런싱 또는 오류 등 사용자를 괴롭히는 사건들이 극히 적어 매우 만족하고 있읍니다. ""스트레스 없는 투자"" 앞으로도 기대가 큽니다.",answer
Leo Yang,5,2017년 12월 19일,2017년 12월 19일,"사용한지 10개월 가까이 된 것 같은데, 처음 계좌개설 과정에서의 귀찮음(?)만 감수하면 그 담부터는 거의 신경쓸 게 없어서 좋습니다. etf 투자이다보니 변동성이 아주 큰 편도 아니라서 가끔 들어가서 수익률 확인하는 거 말고는 진짜 할 게 없네요. ㅋ (꾸준히 시장수익률 이상 나오고 있습니다...) 거치식으로 자금을 맡겨야해서 추가 입금을 제때 못하고 있는데, 추가입금 프로세스를 좀 더 세심하게 설계해 주셨으면 하는 바램입니다. 좋은 서비스 만들어주셔서 감사합니다.",answer
David Han,5,2017년 12월 19일,2017년 12월 19일,"금융에 대한 커다란 지식없이 시작하더라도 무리없이 자산관리가 가능한 앱이에요. 소액으로도 시작 가능하니, 전통적인 상품 사용하지 마시고 서비스 이용해보시면 좋을 것 같아요.",answer
LIM JT,5,2017년 12월 19일,2017년 12월 19일,좋네요. UI가 편리하고 직관적이라 타증권사 앱에비해 가독성이 높은것같습니다,answer
YUJIN,5,2017년 12월 19일,2017년 12월 19일,디자인이 깔끔하고 이뻐요~! 다른 금융앱보다 쓰기쉬운편인듯ㅎㅎ,answer
Google 사용자,5,2017년 12월 19일,2017년 12월 4일,사용성이 훨씬 개선돼서 가입하기가 쉬워졌네요! 해외투자는 처음인데 신기합니다,answer
덕님,5,2017년 12월 19일,2017년 12월 19일,수수료가 낮아서좋아요! 꾸준히장기적으로 투자해볼생각입니다.,answer
Hyokyung KIM,5,2017년 12월 19일,2017년 12월 19일,무엇보다 심플하고 깔끔하고 필요한 기능만 모아둔 것 같습니다. 처음 시작할 때 정말 좋은 거 같습니다. 앞으로도 업대이트 잘 부탁드립니다,answer
Google 사용자,1,2017년 12월 18일,2017년 12월 20일,절대받지마세요.  1. 가입했더니 증권사 가입 필수 2. 증권사 가입이 그냥 헬지옥 3. 힘들게 투자했는데 밝혀진 수익률 이런거 이해불가. 6개월넘게 변한게 없음... 4. 그래서 앱업데이트하면서 환율 계산된 화면을 아예빼버림 ㅋㅋㅋㅋㅋㅋ 5. 돈 출금은 엄청 복잡해서 한소리듣고 빼야됨  판단은 투자자가 손해도 투자자가... 환율 이딴거 계산때문에 결국은 마이너스 투자...,answer
Park Tae-Heui,5,2017년 12월 12일,2017년 12월 12일,UI가 좀 더 미려하게 바뀐거같네요. 원화환산 기능은 수익이 차이가 나 보일 수 있지만 환율추이를 알 수 있어서 나쁘지 않았는데 사라져서 아쉽네요.,answer
Youngjoo Sohn,5,2017년 12월 10일,2017년 12월 11일,정말 신뢰할 수 있는 서비스에요!!!,answer
Google 사용자,5,2017년 12월 7일,2017년 12월 8일,오픈오피스 때 건의했던 내용이 거의 다 반영이 되었네요! 그 동안의 노력하심이 엿보이는 훌륭한 결과물이라고 생각합니다. 멋집니다! 더 많은 사람들이 이 놀라운 앱을 활용할 수 있기를-! 이지혜대표님 이하 모든 스탭분들 진심으로 응원합니다. (앱 평가에 이런 후기 글로 적어보는 거 저 처음입니다ㅎ 그만큼 뿌듯하네요),answer
Google 사용자,4,2017년 12월 5일,2017년 12월 5일,"일단 만드신 앱 정말 잘봤어요~복잡하지않고 깔끔하네요. 자산 추이 보면 시작하기~버튼 있던데 그거 누르면 바로 투자가 시작 되는건가요?? 아직 투자할 금액이 들어오지않아서 실제 투자는 좀 더 뒤에하고, 어떤 종목들을 담는건지 알고싶어서요",answer
맹승환,5,2017년 12월 4일,2017년 12월 4일,앞으로 응원하겠습니다. 파이팅!,answer
Google 사용자,5,2017년 12월 4일,2017년 12월 5일,기대하고 있어요,answer
Google 사용자,5,2017년 12월 3일,2017년 12월 4일,너무 잘 사용하고 있어요. 에임 응원합니다!,answer
Google 사용자,1,2017년 12월 3일,2017년 12월 4일,원하는 기능이 들어있지않네요. 이상합니다.,answer
Google 사용자,1,2017년 12월 3일,2017년 12월 4일,뭐이런..,answer
James Jung,5,2017년 12월 3일,2017년 12월 4일,기대 많이 됩니다,answer
김경환,5,2017년 12월 2일,2017년 12월 4일,대박쓰...코인보다 낫네여 너도 나도 AIMing~,answer
