user_name,user_app_rating,user_review_date,company_comment_date,user_simple_comment,user_specific_comment,company_answer_check
진영,4,2019년 9월 28일,no_answer,검색기능이 추가되면 좋겠고요. 구매할때 구입할수있는 카드 종류가 적고 앱카드를 사용하지 않는 사람들에게 불편한 점이 있었습니다.,no_specific_comment,no_answer
이응유,3,2019년 9월 30일,no_answer,물건이 왔는데도 배송중이라고 뜨고 산지 3일이상된 물건이 있는데 배송완료만 뜨네요 예약판매도 아니던데...(앨범이요) 출고중도 안뜨고 뭐죠,no_specific_comment,no_answer
X소리씹어먹는까막귀,2,2019년 8월 27일,no_answer,평소에 이용하는 쇼핑몰 앱에서 무통장 입금을 사용해서 쓰는데 이 어플에는 그 기능이 적용이 안된 모양이네요; 빅히트 샵에는 있어서 쓸 수 있었는데 무통장 입금 기능을 추가해주시면 좋겠습니다^^; 가족 명의를 쓰고 있는 저와 같은 사람들에겐 그 기능이 꼭 필요합니다..ㅠ,no_specific_comment,no_answer
잇진【Army】,4,2019년 8월 8일,no_answer,앱이 나오자마자 사용하고 있는 아미에요!! 빅히트샵 때보다는 일단 편리한 것 같아서 좋아요.. 근데 일단 굿즈가 새로 들어오게 되면 알림 오는게 있었으면 좋겠어요.. 원래 있는 건지는 모르겠지만 저는 안되네요..품절 되면 사질 못하니까 만날 들어가봐야 해서 불편해요.. 품절 품목은 재고를 좀 늘려주시던지 해주셨으면 해여..,no_specific_comment,no_answer
이서윤,3,2019년 10월 6일,no_answer,"다 좋은데 체크카드도 없는 학생들을 조금이나마 배려해 주셨으면 좋겠네요...돈이 있어도 결제하려면 너무 복잡해서 사지 못하는 상황입니다. 예전 빅히트샵 때처럼 ""현금입금"" 해서살 수 있도록 결제 항목에 추가해 주셨으면 좋겠습니다💜",no_specific_comment,no_answer
괴물이,1,2019년 10월 5일,no_answer,품절됀상품 다시 안들어오나요 잘모르겠지만 꼭사구싶었어요ㅠㅠ,no_specific_comment,no_answer
이우엉,1,2019년 10월 4일,no_answer,뭣도 바꾸는것도 없으면서 업데이트만 조지게 많이해요 진짜 위해라 일플리,no_specific_comment,no_answer
김예찬,4,2019년 10월 4일,no_answer,1:1 문의신청에서 수정 삭제 기능좀 넣어주세요 불편해요.,no_specific_comment,no_answer
EBRAHIM HD,5,2019년 10월 3일,no_answer,Wow the army bomb official avry thing official,no_specific_comment,no_answer
ARMYorBUDDY ·,5,2019년 10월 2일,no_answer,이메일 바꾸기 있음 좋겠어요,no_specific_comment,no_answer
여우비,4,2019년 10월 2일,no_answer,택배보낼때 제품명 가리는 기능도 추가되면 좋겠어요ㅠㅠ,no_specific_comment,no_answer
Jin L,1,2019년 10월 1일,no_answer,방탄굿즈 앱에서만 팔아서 리셀러들 신났는데 대책없어요?아미밤 네이버쇼핑에서 68000원에 파는거 아십니까? 사태파악하고있어요? 앱만 운용해서 접근성 최악인데 상황파악했어요?,no_specific_comment,no_answer
이응유,3,2019년 9월 30일,no_answer,물건이 왔는데도 배송중이라고 뜨고 산지 3일이상된 물건이 있는데 배송완료만 뜨네요 예약판매도 아니던데...(앨범이요) 출고중도 안뜨고 뭐죠,no_specific_comment,no_answer
진영,4,2019년 9월 28일,no_answer,검색기능이 추가되면 좋겠고요. 구매할때 구입할수있는 카드 종류가 적고 앱카드를 사용하지 않는 사람들에게 불편한 점이 있었습니다.,no_specific_comment,no_answer
원스,5,2019년 9월 27일,no_answer,완전 좋음,no_specific_comment,no_answer
뀨앙,1,2019년 9월 27일,no_answer,제 기억 상으로 분명 빅히트샵 때는 삼 만원 이상이면 배송비 무료였는데 왜 올랐는지 궁금하네요ㅎㅋ... 이건 그냥 그렇다 쳐도 고객센터 대응이 너무 느립니다. 와도 다른 데 물어보라 그럴 거면 고객센터는 왜 있나요?,no_specific_comment,no_answer
LJ현,5,2019년 9월 27일,no_answer,쓸마 하규 좋은데 배송메세지 보냐는 항목 추가 해주세오~!,no_specific_comment,no_answer
양서연,1,2019년 9월 27일,no_answer,업데이트고만좀시키세요뭐가나아진다고계속시키는거야옘병,no_specific_comment,no_answer
Rᄀ,1,2019년 9월 26일,no_answer,콘서트..선예매인데 1인 2매가 웬말이냐..동반지인말고 아미한테 혜택을 줘라,no_specific_comment,no_answer
DaeHyou KooK,5,2019년 9월 26일,no_answer,BTS 💜 A good apply to buy officials products for Army around in the world,no_specific_comment,no_answer
08 LYA,4,2019년 9월 26일,no_answer,제가 엄마폰으로 코야 목배게를 샀는데 9월21일 10시 넘어서 주문했는데 한국에서 사면 2~4일 정도 배송하는데 걸린다고 했는데 지금은 9월26일이거든요 5일째에요....짜증나는건 아닌데 빨리 왔으면 좋겠어요 저번에는 화양연화: the note샀었을땐 딱 4일 걸렸는데 이런거 빼고는 다 좋은것 같아요!,no_specific_comment,no_answer
Lee Joo,3,2019년 9월 26일,no_answer,업데이트 하라는데 업데이트가 없으면 어떡하나요;;;,no_specific_comment,no_answer
문06,1,2019년 9월 26일,no_answer,무통장 입금이 생겼으면 좋겠습니다 저같은 학생들은 사질 못하니..,no_specific_comment,no_answer
박지민계좌불러,5,2019년 9월 25일,no_answer,개 좋고 가성비 짱,no_specific_comment,no_answer
손순녀,5,2019년 9월 25일,no_answer,덕분에 아미밤샀네여어:),no_specific_comment,no_answer
ᄋᄋ,3,2019년 9월 23일,no_answer,회원가입 어캐함,no_specific_comment,no_answer
정꾸기보라해,5,2019년 9월 22일,no_answer,좋아요! 근데 캐시는 왜 모으나욥?,no_specific_comment,no_answer
유녤,3,2019년 9월 22일,no_answer,"아니.. 저 아미밤도 아직 없는 아미인데요..결론 부터 말하자면 결제가 너무 어려워요. 제가 미성년자이다보니까 카드도 없고 그런걸 못 하는데 엄마는 또 결제가 어렵다고 하시고.. 제발 결제 좀 쉽게 할 수 있도록 해주심 안돼요? 맘 같아선 별점도 5점 주고 싶은데 결제가 어려워서 하나도 못 샀어요.. 아미인데 아미밤도 없고.. 속상해 죽겠어요... 제발 결제방법 좀 쉽게 해주세요.. 진짜.. 엄마, 아빠한테 안 좋은 소리밖에 못 들었어요. 아미밤, 앨범, DVD 이런거 다 가지고 싶은데.. 손에 쥐어보고 싶은데 하나도 못보고.. 진...전체 리뷰","아니.. 저 아미밤도 아직 없는 아미인데요..결론 부터 말하자면 결제가 너무 어려워요. 제가 미성년자이다보니까 카드도 없고 그런걸 못 하는데 엄마는 또 결제가 어렵다고 하시고.. 제발 결제 좀 쉽게 할 수 있도록 해주심 안돼요? 맘 같아선 별점도 5점 주고 싶은데 결제가 어려워서 하나도 못 샀어요.. 아미인데 아미밤도 없고.. 속상해 죽겠어요... 제발 결제방법 좀 쉽게 해주세요.. 진짜.. 엄마, 아빠한테 안 좋은 소리밖에 못 들었어요. 아미밤, 앨범, DVD 이런거 다 가지고 싶은데.. 손에 쥐어보고 싶은데 하나도 못보고.. 진짜 속상해요..ㅜ",no_answer
박찜,5,2019년 9월 22일,no_answer,다 좋은데 물건을 검색할수 있는 기능은 없나요? 그 기능만 있으면 별5개도 더 줄수 있을것 같아요!,no_specific_comment,no_answer
김경희,2,2019년 9월 20일,no_answer,다른건 다 좋은데 고객센터 답변이 너무 늦고 몇일동안 계속 출고준비라는데 무슨상황이죠?,no_specific_comment,no_answer
[매일 보라하자]민하,5,2019년 9월 18일,no_answer,"방탄 팬인데 이렇게 방탄관련된 앨범,굿즈 가 다 한곳에 종류별로 분류되어 모아져있어서 구매하기 정말편해요 ^^",no_specific_comment,no_answer
강민주,1,2019년 9월 18일,no_answer,"아이돌판에 어린 학생팬들 많은거 뻔히 개나소나 아는 사실인데 무통장입금 없는건 걍 걔네 사지 말란소리 아님?ㅋㅋ 진짜 배려나 생각이라곤 없는듯 그리고 스픽콘 2번이나 떨어지고 키트도 받기 싫고 그냥 환불하고 싶은데 이미 공식으로서 혜택을 누려서 환불이 안된다네요~콘서트 당첨 안된것도 혜택으로 치나봐요^^;;; 지금까지 받은 혜택 단 1도 없는데 제발 환불좀 시켜줘요 키트 팔아서 돈 남길 생각하지말고... 진짜 욕나오는거 간신히 참네요. 빅히트 일 제대로 하시길.. 앱 오류 안뜨게 제대로 개발하든가, 문의를 빨리빨리 받고 처리하든가....전체 리뷰","아이돌판에 어린 학생팬들 많은거 뻔히 개나소나 아는 사실인데 무통장입금 없는건 걍 걔네 사지 말란소리 아님?ㅋㅋ 진짜 배려나 생각이라곤 없는듯 그리고 스픽콘 2번이나 떨어지고 키트도 받기 싫고 그냥 환불하고 싶은데 이미 공식으로서 혜택을 누려서 환불이 안된다네요~콘서트 당첨 안된것도 혜택으로 치나봐요^^;;; 지금까지 받은 혜택 단 1도 없는데 제발 환불좀 시켜줘요 키트 팔아서 돈 남길 생각하지말고... 진짜 욕나오는거 간신히 참네요. 빅히트 일 제대로 하시길.. 앱 오류 안뜨게 제대로 개발하든가, 문의를 빨리빨리 받고 처리하든가... 결제를 더 쉽게 만들 수도 있었고, 배송은 제가 입덕하고 한번도 빠짐없이 5년째 항상 느리니까... 할말이 없고요...^^ 아 그리고 플미 잡고싶으면 팬들이 플미충 자리 고발하는 메일이나 읽으시길, 애먼 찐아미들 자리만 털려나가는 당첨제인거 아시려나~ 지금 전교에 당첨자 1명입니다 저희 학교든 옆학교든 ㅋㅋ 이게 과연 정당하고 공정해 보이시는지?",no_answer
뚱과함께,5,2019년 9월 17일,no_answer,저 아미밤을 살려고 하는데 이거 구매하는게 어렵고 머리가 아픕니다ㅜ.ㅜ 조금더 쉽게 바꼈으면 하네요,no_specific_comment,no_answer
김민준,5,2019년 9월 17일,no_answer,너무 조아여 근데 bts x vt 향수 사려고 했는데 너무 늦었나 봐요 위플리에 이제 안떠요ㅠ,no_specific_comment,no_answer
정딧주,2,2019년 9월 16일,no_answer,결제방법에 무통장입금이 없네요 ㅜㅠ 학생이라 카드도 안되는데 제발 무통장 입금 부탁드립니다,no_specific_comment,no_answer
달뿜소녀{방탄덕후},5,2019년 9월 15일,no_answer,물건하나 샀는데 진짜 괜찮았어요!,no_specific_comment,no_answer
김순영,3,2019년 9월 12일,no_answer,아미6기 가입했는데 2달이 되도 않오네요..,no_specific_comment,no_answer
키작은 선영이라고!,5,2019년 9월 12일,no_answer,근데 14세 미만은 팬클럽가입권을 못사나요?,no_specific_comment,no_answer
한별,1,2019년 9월 11일,no_answer,좋은데 회원가입할 때 이메일 전송이 안와요ㅠㅠㅠㅠ,no_specific_comment,no_answer
유경현,1,2019년 9월 9일,no_answer,"진짜 고객센터 응대가 너무 느려요. 블루레이를 샀는데 CD 4개중 1개가 없는 상태로 왔고, 거기에 대한 문의를 남겼는데 문의 답변이 하루가 지나도 안달리네요ㅡㅡ 가격대도 8만원정도의 고가인데 물품 상태부터 고객응대까지 너무 화가나네요",no_specific_comment,no_answer
레인보우보아ミ,1,2019년 9월 9일,no_answer,로그인을 카톡도 되게해주세용.그럼 이앱 다시 사용할께영,no_specific_comment,no_answer
태태MAZE,2,2019년 9월 8일,no_answer,다 좋은데 무통장 입금 왜 없나요? 결제할 때 굉장히 불편합니다. 꼭 문제점 고쳐주시길 바랄게요,no_specific_comment,no_answer
옌니띤비,5,2019년 9월 8일,no_answer,좋아요,no_specific_comment,no_answer
혜원정,5,2019년 9월 5일,no_answer,좋아요,no_specific_comment,no_answer
노희원,5,2019년 9월 4일,no_answer,완전 자세하게 나와있고 정품으로 사시고 싶으면 여기서 꼭 사세요♥♥,no_specific_comment,no_answer
호크크,5,2019년 9월 4일,no_answer,정말 좋은뎅.. 무통장입금 좀 넣어주세요ㅠㅠ 제가 미자여서 잘모르거든요...제발요ㅠㅜ,no_specific_comment,no_answer
민영,2,2019년 9월 2일,no_answer,무통장 입금좀 만들어주세요..!!,no_specific_comment,no_answer
이서연,1,2019년 9월 2일,no_answer,제가 여자친구 팬클럽 가입하려 하는데 로그인이 안되네요 이메일도 제데로 눌렀는데 인증번호 않오고 그레서 지금도 위버스 사용못하고있어요,no_specific_comment,no_answer
lIlIlllIlI,1,2019년 9월 2일,no_answer,잦은 업데이트 뭔 일 있을 때마다 업덱 해야해서 귀찮아요,no_specific_comment,no_answer
유나영,4,2019년 9월 1일,no_answer,무통장입금을 추가해 주세요 학생들은 카드가 없어서 사고 싶어도 못 사요.. 제발 부탁드려요 리뷰 보니까 많은 사람들이 무통장 입금을 원하시는데 제발 부탁드려요...,no_specific_comment,no_answer
?햇살냠냠,3,2019년 9월 1일,no_answer,카드로만 결제가 된다는게 너무 불편하네요.. 무통장입금 결제 수단으로 추가시켜주시면 좋겠네요..,no_specific_comment,no_answer
jin켸진,1,2019년 9월 1일,no_answer,"안들어가져서 지우고 다시깔았더니 로그인도안되요,위버스두요",no_specific_comment,no_answer
연필.,1,2019년 9월 1일,no_answer,자꾸 다시 들어가라고만 뜨고 튕기고요 안 들어가져요. 빨리 고쳐주세요,no_specific_comment,no_answer
하만tv,1,2019년 9월 1일,no_answer,앱을 자꾸 재실행을 하라 그러고 참... 앱 점검은 여러번 하시면서 이런거 하나 관리를 못하시네요. 이럴거면 애초에 위플리 앱은 왜 만들었습니까? 그냥 빅히트샵으로 계속 이어가시지;;,no_specific_comment,no_answer
김은영,1,2019년 9월 1일,no_answer,들어갈려고하면 계속 튕기네요...,no_specific_comment,no_answer
홍련,1,2019년 9월 1일,no_answer,업데이트 하고 다시 들어가려는데 계속 'please try again' 뜨면서 튕겨요;;,no_specific_comment,no_answer
강정원,1,2019년 9월 1일,no_answer,로그인도 안되고ㅡㅡ 무통장도 없고 체크카드에 IBK도 없고 그냥 전으로 돌아가주세요 불편해서 못쓰겠어요ㅡㅡ,no_specific_comment,no_answer
Jiwon Park,1,2019년 8월 31일,no_answer,계속 비번 새로 만들어도 틀린거라며 안되네요,no_specific_comment,no_answer
아미,2,2019년 8월 31일,no_answer,나눠져 있느건 좋은데 제에에에에에에발라라라 무통장입금 좀 추가 해주세요 카드 결제 너무 불편해요 제발 이것 때문에 예약판매 상품 품절되서 못 살것같아요 제발 무통장입금 추가 해주시길,no_specific_comment,no_answer
박정옥,3,2019년 8월 30일,no_answer,"음.. 왜 로그인이 안될까요...회원가입할때는 계속 이메일 전달만 뜨고 더이상 진행이안되요ㅠㅠ 진짜 미밤이 사고싶은데,...ㅠㅠ 어떡해좀 해주실구없나요",no_specific_comment,no_answer
이재은,2,2019년 8월 29일,no_answer,무통장입금할수있게 만들어주세요ㅠ 너무 불편합니다,no_specific_comment,no_answer
jjsiky j,2,2019년 8월 29일,no_answer,굿즈는 일본식 단어 입니다.차라리 MD라고 쓰시는게 어떠세요,no_specific_comment,no_answer
쥐민씌,1,2019년 8월 28일,no_answer,무통장입급좀 만들어주세요 아니 미성년자는 사지말아야하나요? 무통장입급이 없을거면 왜 이런앱을 만들어요? 아~ 우린 뭐 짝퉁만사라는건가요?,no_specific_comment,no_answer
윤국현,5,2019년 8월 28일,no_answer,좋아요오옹굿,no_specific_comment,no_answer
지나가는 아미,1,2019년 8월 28일,no_answer,이거 이메일이 안와요..트위터로 하든 구글로 하든안됩니다...어떻게 좀 해주세요...,no_specific_comment,no_answer
현의진,2,2019년 8월 27일,no_answer,카드결제밖에 없다는 것도 그렇고 pc에서는 안 되는 게 제일 별로인 것 같아요 스마트폰 없는 사람들은 어쩌라는 건지ㅋㅋㅋㅌㅋㅋ,no_specific_comment,no_answer
쪼꼬Dark,5,2019년 8월 27일,no_answer,최고,no_specific_comment,no_answer
빛냥이,3,2019년 8월 27일,no_answer,이거 이메일 인증이 않돼요ㅠㅠ,no_specific_comment,no_answer
송월,3,2019년 8월 27일,no_answer,제발 한꺼번에 주문할 수 있게 해주세요ㅠ 배송비ㅠ,no_specific_comment,no_answer
나나,5,2019년 8월 27일,no_answer,보라해,no_specific_comment,no_answer
··,1,2019년 8월 27일,no_answer,거의 반 이상이 품절이네요. 굿즈좀 더 만들어주시던가 품절인 상품들은 없애주세요,no_specific_comment,no_answer
푸른망개떡,1,2019년 8월 27일,no_answer,평점 적은건 거의 무통장입금 없어서 그런것 같은데 무통장 입금좀 만들어주시죠ㅠ 학생들 사지말란가 이건가요? 제발 고려좀 해주세요ㅜ,no_specific_comment,no_answer
X소리씹어먹는까막귀,2,2019년 8월 27일,no_answer,평소에 이용하는 쇼핑몰 앱에서 무통장 입금을 사용해서 쓰는데 이 어플에는 그 기능이 적용이 안된 모양이네요; 빅히트 샵에는 있어서 쓸 수 있었는데 무통장 입금 기능을 추가해주시면 좋겠습니다^^; 가족 명의를 쓰고 있는 저와 같은 사람들에겐 그 기능이 꼭 필요합니다..ㅠ,no_specific_comment,no_answer
찌혜JJIHYE,2,2019년 8월 25일,no_answer,아 진짜 무통장 입금 만들어어 주심 안돼나요?? 저 미성년자 인데 카드 만드려면 부모님 이랑 같이 가야돼는데 부모님이 시간 안돼셔서 못 만드는데 저같은 사람은 걍 사지 말란거에요..?;;;,no_specific_comment,no_answer
발가락,4,2019년 8월 25일,no_answer,무통장 입금이 필요함;,no_specific_comment,no_answer
C MY,1,2019년 8월 24일,no_answer,무통장입금좀 ㅈㅂ,no_specific_comment,no_answer
이수민,1,2019년 8월 24일,no_answer,상품 불량 심각,no_specific_comment,no_answer
이성희,3,2019년 8월 23일,no_answer,어째서 결제도 안되고 일대일 상담도 안되는건가요? 어떻게 해야하는지 답변 남겨주세요,no_specific_comment,no_answer
[ A R M Y ]별 님,4,2019년 8월 23일,no_answer,다 좋긴한데 무통장입금 할 수 있게 해주시면 안되나요 ??,no_specific_comment,no_answer
문지민,5,2019년 8월 22일,no_answer,탄이들 굿즈나 이런걸 간편하게 살수있어서 좋아요!,no_specific_comment,no_answer
"아미,아로하,캐럿",1,2019년 8월 22일,no_answer,"솔까이건내잘못도있지만 인증이안되고,인증번호가1일정도뒤에나옴 그래서지금 로그인이랑회원가입안됨.",no_specific_comment,no_answer
park juhyeon,1,2019년 8월 22일,no_answer,와...진짜 이럴거면 왜 만들었냐?? 미성년자라서 카드결제 힘들어서 무통장 입금 안되냐고 2번을 물어봐도 무시하고 결국 부모님 카드로 살려니까 아예 결제창도 안뜨고 이렇게 어렵고 불편하게 만들거면 이앱 왜만듬??9월 중순까지 예약판매인데 진심 안되면 이딴앱 만들지 마라ㅡㅡ,no_specific_comment,no_answer
곰돌이,1,2019년 8월 22일,no_answer,"pc에 다운로드한 것을 삭제하려면 어디서 하나요? 앱상에서 구매한것을 pc상에서 결제하려고 시도하였지만,로그인도 되지 않아 pc로 다운받은 위플리 삭제하려합니다. pc상에서 삭제처리가 안되면 해당 글을 보고 바로 삭제하시기 바랍니다. 앱상에서만 결제하도록 만들어 놓았으면 pc상에서는 자체 다운로드 설치를 하지 못하도록 해야하는 것 아닙니까? 방탄이 누군지도 모르는 상태에서 조카가 물건을 구매요청하여 앱상으로 다운은 받았으나 pc상에서 아무것도 할수가 없으면 저에게는 이 자체를 삭제해야 할것 같습니다. 아니면 앱상에서 삭제를 하게 되...전체 리뷰","pc에 다운로드한 것을 삭제하려면 어디서 하나요? 앱상에서 구매한것을 pc상에서 결제하려고 시도하였지만,로그인도 되지 않아 pc로 다운받은 위플리 삭제하려합니다. pc상에서 삭제처리가 안되면 해당 글을 보고 바로 삭제하시기 바랍니다. 앱상에서만 결제하도록 만들어 놓았으면 pc상에서는 자체 다운로드 설치를 하지 못하도록 해야하는 것 아닙니까? 방탄이 누군지도 모르는 상태에서 조카가 물건을 구매요청하여 앱상으로 다운은 받았으나 pc상에서 아무것도 할수가 없으면 저에게는 이 자체를 삭제해야 할것 같습니다. 아니면 앱상에서 삭제를 하게 되면 pc상에서도 삭제처리가 연동으로 이루어지는 것인지 궁금합니다.",no_answer
asd zxc,3,2019년 8월 22일,no_answer,앱이 갑자기 안열려요ㅠㅠㅠㅠ 콘서트 당첨확인해야되는데 어떡해야하나요ㅜㅜㅜㅜㅜㅜㅜ,no_specific_comment,no_answer
김선미,1,2019년 8월 22일,no_answer,고객센터 진짜 욕나옵니다. 오배송 너무 심한데 고객센터 연락할 방법이 문의남기는 것뿐이에요 . 근데.. 확인을 안해요 . 배송은 이상하게 하고 10일째 문의 답변은 없고 전회번호도 없고 ㅎㅎ 아.. 진짜 팬때문에 가수가 있는건데 .. 이꼴을 견뎌야 하다니 .. BTS 대단하네요,no_specific_comment,no_answer
「소담」100살,5,2019년 8월 21일,no_answer,오ㅓ,no_specific_comment,no_answer
김성진,1,2019년 8월 21일,no_answer,왜 업데이트가 안될까? 참 못 쓰겠네... 허,no_specific_comment,no_answer
금소,1,2019년 8월 21일,no_answer,제발 휴대폰 결제나 무통장 입금 좀 넣어주세요ㅠㅠ카드로 하려는데 복잡하고 본인인증이 안되네요...,no_specific_comment,no_answer
삼색강양이,5,2019년 8월 20일,no_answer,앱 나오자마자 계속 사용하고 있는데 너무 좋아요.!! 보기에도 깔끔하고 편리하구요♥ 근데 굿즈 수량이나 무통장 입금등을 추가 및 늘려주셨으면 합니다!!,no_specific_comment,no_answer
유화,2,2019년 8월 20일,no_answer,무통장 입금이 없어서 카드나 통장 없는 친구들은 불편할 거 같아요 돈은 있는데 못 사면 맘이 아프지 않을까요,no_specific_comment,no_answer
Om bra,1,2019년 8월 20일,no_answer,무통장 입금이 없네요;;; 저 학생이어서 카드도 없고.. 예약 구매같은거 하려구 계좌도 만들었는데 무통장 입금이 없어서 의미가 없어졌어요. 무통장 입금 가능하게해주세요.,no_specific_comment,no_answer
이혜경,1,2019년 8월 19일,no_answer,무통장입금이 없어서 결제가 힘듬,no_specific_comment,no_answer
이선희,1,2019년 8월 19일,no_answer,무통장 입금도 될수 있게 해주세요,no_specific_comment,no_answer
예은보라한,1,2019년 8월 18일,no_answer,무통장 입금 좀 제발 추가해주시길 바래요^^ ; 체크/신용카드에 기업은행은 왜 없음 기업은행 추가도 해주삼;; 기업은행 무시하는거도 아니고ㅠㅠ,no_specific_comment,no_answer
오후,3,2019년 8월 18일,no_answer,빨리 무통장입금 만들어주세요 . ;; 글고 이제 좀 정착 했으면 했으면 좋겠네요 제발. (방탄공식샵>빅히트샵>위플리),no_specific_comment,no_answer
보라세아민주,4,2019년 8월 17일,no_answer,다 괜찮은데 결재 방법에 카카오페이가 추가되면 좋겠어요!,no_specific_comment,no_answer
수빈 [ A R M Y ]_,4,2019년 8월 16일,no_answer,다 좋아요 진짜...근데 무통장입금이요..카드는 본인명의 폰으로 해야되는데 엄마는 카드를 잃어버리셔서 재발급 받아야하고 아빠는 폰이 스마트 폴더여서 카드 선택 창이 안떠요 진짜 무통장입금 추가해 주세요 부탁드립니다. 친구들한테 아미밤산다고 떠벌리고 다녔는데 못사서... 진짜 속상해서 엄청 울었어요. 지금 친구들한테 사서 왔다고 거짓말쳤는데 보여달라해서 일단 없어졌다고 얘기하긴 했는데 빠른시일내에 무통장입금 한번 더 부탁드립니다 제발요...,no_specific_comment,no_answer
*메리,4,2019년 8월 16일,no_answer,무통장입금 있었으면 좋겠네요ㅠ 아님 카카오페이라두요ㅠ,no_specific_comment,no_answer
다연 .,3,2019년 8월 16일,no_answer,슬로건은 어떻게 사죠 ? 검색창 만들어 주세요,no_specific_comment,no_answer
#자은,1,2019년 8월 16일,no_answer,아 진짜 무통장 입금 좀 만들어주세요....;; 무통장입금이 없으면 진짜 학생들은 아예 사지 말라는겁니까 ? ;;;,no_specific_comment,no_answer
나나나,1,2019년 8월 16일,no_answer,"무통장입금,카카오페이,토스가 없네요;",no_specific_comment,no_answer
방탄아미보라해,1,2019년 8월 16일,no_answer,무통장입금없는거실화냐 카드없는사람은사지말란 건가.,no_specific_comment,no_answer
신지현,1,2019년 8월 16일,no_answer,제발 무통장입금 할 수 있게 해주세요ㅠ,no_specific_comment,no_answer
예은,1,2019년 8월 15일,no_answer,"이메일 적엇는데 없는거라 하고 ,로그인을 해도 안되고 그냥 구글눌렀을때 그거만 하면되지 구지 왜이렇게 복잡하나요",no_specific_comment,no_answer
구민지,3,2019년 8월 14일,no_answer,1:1문의 빨리 봐주셨으면 좋겠어요....분명 시간제약있는 문의도 있을텐데......(제가 그렇습니다...) 너무 늦어요....,no_specific_comment,no_answer
지은띵,5,2019년 8월 14일,no_answer,아미밤 3 샀는데 너무 좋아요ㅠㅠㅠㅠㅠㅠ 진짜 빅히트샵 하나하나 안 들어가도 위플리 어플로 바로 들어가져서 너무 좋습니다ㅠㅠㅠㅠ,no_specific_comment,no_answer
원우바라기,2,2019년 8월 14일,no_answer,회원가입 대체 어떻게 하는건가요?,no_specific_comment,no_answer
BG S,3,2019년 8월 13일,no_answer,계정 찾기가 왜없죠? 업데이트하면서 로그아웃됐는데 난감하네요,no_specific_comment,no_answer
양서연,1,2019년 8월 13일,no_answer,ㅇㄴ 아니 저 아미 맴버쉽 가입하고 업데이트를 했는데 제 계정이 로그아웃 되있더라고욬ㅋㅋ 그래서 다시 로그인을하는데 계속 비밀번호가 올바르지 않다고 하고 저만 그런가요??,no_specific_comment,no_answer
잇뿜파워ッ,2,2019년 8월 13일,no_answer,무통장 입금 할수잇게 해주세요 ㅜㅜ,no_specific_comment,no_answer
갸걍으,5,2019년 8월 13일,no_answer,좋아요 좋아요 ㅜㅜ 너무 유용하게 사용하고 있어요 💜 이런좋은 앱 만들어주셔서 감사합니당 굿즈도 많이 많이 만들어주세요 제 지갑은 팔랑팔랑일 준비가 항상 되있어요 💜,no_specific_comment,no_answer
이철웅,1,2019년 8월 13일,no_answer,"배송지 수정도 안되고 질문하면 빨리 답변 해줄것 처럼 써 있는데 반나절이 지나도록 답변도 없고, 전화해도 통화도 안되고 미치겠네..",no_specific_comment,no_answer
JH M,1,2019년 8월 13일,no_answer,제품의 하자로 교환을 받고 싶은데 연락이 없음....ㅠㅠ,no_specific_comment,no_answer
HYEWON CHOI,5,2019년 8월 13일,no_answer,무통장입금 왜없냐고 물어보는 사람들 진짜 양심없다 ㅋㅋㅋㅋㅋㅋㅋㅋ 맨날 무통장입금으로 재고 다털어놓고 무통장입금 기간까지 고민하다가 입금안해놓고 솔드아웃되게해서 다른사람못사게하고 아니면 사기쳐서 다른사람한테 양도시키고 잠수타고 빅히트가 그런거 몰라서 안만들었겠니? 한둘이냐고..쯧쯧.. 그렇게 현금결제 하고싶으시면 페이코로 사세요^^,no_specific_comment,no_answer
#뷔 르소 나,1,2019년 8월 13일,no_answer,무통장입금좀여 ㅋ 학생둘은 사지말란건가요?ㅋ,no_specific_comment,no_answer
스케일은정국,1,2019년 8월 12일,no_answer,왜 저희 지역은 배송이 안되요?왜그런거죠? 그럼 어떡합니까 배송이 안되면 너무 슬프고 짜증나네요,no_specific_comment,no_answer
양서윤,1,2019년 8월 10일,no_answer,무통장 입금 좀 만들어주세요 ㅜㅜ 14세 미만은 사지도 못하고... 처음 만들때부터 14세 미만 고려해주시지...답변 부탁드려요...ㅜㅜㅜ,no_specific_comment,no_answer
방탄보라해,2,2019년 8월 10일,no_answer,아니 제가 메모리즈를 시켰는데요 7월 7일에 시켰는데 배송중도 아니고 오지도 않아요;;근데 제 친구가 7월 8일에 시켰는데 그 친구는 왔거든요. 어떻게 된건지..분명 결제를 했고 결제완료라고도 떴는데.뭐죠?,no_specific_comment,no_answer
윤기나는망개,4,2019년 8월 10일,no_answer,아미밤을 계속 구하고 있었는데 여기는 아미밤이 품절 되지도 않고 좋아요💜,no_specific_comment,no_answer
[Army]여원,5,2019년 8월 8일,no_answer,너무 조아요💜💜 그냥 다여..,no_specific_comment,no_answer
ᄅ ᅵ ᄂ:채,1,2019년 8월 8일,no_answer,무통장..,no_specific_comment,no_answer
잇진【Army】,4,2019년 8월 8일,no_answer,앱이 나오자마자 사용하고 있는 아미에요!! 빅히트샵 때보다는 일단 편리한 것 같아서 좋아요.. 근데 일단 굿즈가 새로 들어오게 되면 알림 오는게 있었으면 좋겠어요.. 원래 있는 건지는 모르겠지만 저는 안되네요..품절 되면 사질 못하니까 만날 들어가봐야 해서 불편해요.. 품절 품목은 재고를 좀 늘려주시던지 해주셨으면 해여..,no_specific_comment,no_answer
사람,3,2019년 8월 7일,no_answer,1. 무통장 입금 추가해주세요. 2. PC 공식 사이트 만들어주세요.,no_specific_comment,no_answer
지민보라행,5,2019년 8월 7일,no_answer,방탄소년단 보라해~,no_specific_comment,no_answer
설지윤,3,2019년 8월 7일,no_answer,굿즈 검색 기능좀 넣어주세요.. 사고싶은거 있는데 못찾겠어요,no_specific_comment,no_answer
짱노,5,2019년 8월 7일,no_answer,짱♡,no_specific_comment,no_answer
박콜라,5,2019년 8월 7일,no_answer,좋아요 ^^,no_specific_comment,no_answer
쮐닝,4,2019년 8월 7일,no_answer,괜찮은데 14세미만이라서 좀 그렇네요..,no_specific_comment,no_answer
은지,5,2019년 8월 6일,no_answer,좋아요,no_specific_comment,no_answer
박종철,1,2019년 8월 6일,no_answer,오류때문에 결제하고싶어도 하지도못하고 거의 5시간동안 이짓만 하고 있어요,no_specific_comment,no_answer
은수,2,2019년 8월 6일,no_answer,브라우저 쿠키설정 항상허용 그걸 어떻게 하는데 자꾸 오류가 뜨나요 설명을 자세히 해주시던지 결제를 못하겠어요,no_specific_comment,no_answer
우지,1,2019년 8월 5일,no_answer,대체 왜 1:1문의를 확인 안하죠 제발 1:1문의좀 확인해주세요 제발요,no_specific_comment,no_answer
지은ღ,3,2019년 8월 5일,no_answer,아니...앱은 괜찬은것 -같은데- 3세이상이라면 왜 가입은14세 이상임요?,no_specific_comment,no_answer
잇진이쿡진이석진이,5,2019년 8월 5일,no_answer,꽤 괜찮은거 같네요...? 큼큼,no_specific_comment,no_answer
Ej Park,1,2019년 8월 5일,no_answer,아 왜 진짜;; 업데이트가 안 돼요?,no_specific_comment,no_answer
상어,3,2019년 8월 5일,no_answer,진짜...무통장입금으로 해주세요.... 탄이들 때문에 참는다..,no_specific_comment,no_answer
망개망개,1,2019년 8월 4일,no_answer,무통장 입금 왜 없는거임ㅋㅋ 진짜 웃기네요 학생들 보고 사지말라는건가 옛날에는 있었는데 왜 사라진거죠 무통장 입금좀 넣어주세요 그리고 pc버전은 또 왜 없음 이러려고 만들었어요? 차라리 안만드는게 나았을지도. 학생이라서 카드도 없는데 엄마는 또 복잡하다고 결제 안해주시고 그리고 문의는 또 왜 안받아 그냥 장식임?? 무통장 입금 만들어 주세요!!!!! 정말 화나는 앱이네요💢💢,no_specific_comment,no_answer
박유은,2,2019년 8월 4일,no_answer,무통장 입금이 없어 매우 불편해요. 예전에 구매하던 것 보다 훨씬 불편해진 것 같아요. 무통장 입금 부탁드립니다..ㅠㅠ,no_specific_comment,no_answer
[또예]민슈가슈가룬,5,2019년 8월 3일,no_answer,따로따로 잘 분류되있음!!,no_specific_comment,no_answer
Wooho Cho,5,2019년 8월 3일,no_answer,너무 좋아요!근데 배송비가 너무 비싸네요ㅠㅠ,no_specific_comment,no_answer
유경,1,2019년 8월 3일,no_answer,빅히트 쓰레기야 어떻게 팬 가입을 일본이랑 글로벌로 나눔?? 방탄이 j-pop돌임?? 나 참 어이가 없어서,no_specific_comment,no_answer
초닝친구,5,2019년 8월 3일,no_answer,이벤트도 있고 좋네요ㅜㅜ,no_specific_comment,no_answer
점.,5,2019년 8월 2일,no_answer,정말 편리하고 좋아요,no_specific_comment,no_answer
점온,5,2019년 8월 2일,no_answer,위버스 없애셈 진짜 개빡치니까;; 줌마파티에서 뭘 하라는건지,no_specific_comment,no_answer
쿠키,1,2019년 8월 2일,no_answer,왜 무통장 입금 없나요? 생각도 없으세요? 갑질하고 싶어서 안달난거 같아요,no_specific_comment,no_answer
트아태,1,2019년 8월 2일,no_answer,티켓팅응모해야 하는데 정확히 8월 1일 14시 이후부터 접속하면 업데이트 하라고 뜨고 업데이트누르면 무한로딩만 됨. 삭제하고 다시 설치하려니 설치도 무한로딩뜨고. 왜이런거에요 빨리 패치 제대로해줘요 응모해야하는데 ㅡㅡ,no_specific_comment,no_answer
젭깅,2,2019년 8월 2일,no_answer,"무통장 입금 좀 추가해줘요,,,",no_specific_comment,no_answer
보송Bosong,1,2019년 8월 2일,no_answer,인증번호가 오질않네요~~~ 수십번을 시도해도 말썽... 문의 답변 빨리해주세요..ㅠㅠ 아미가입 못하면 티켓응모 조차 못하고... 책임지세요ㅠ,no_specific_comment,no_answer
미르하늬,5,2019년 8월 1일,no_answer,좋습니다.,no_specific_comment,no_answer
Alice LEe,5,2019년 8월 1일,no_answer,좋아요,no_specific_comment,no_answer
강현오,5,2019년 8월 1일,no_answer,좋아요,no_specific_comment,no_answer
우비,1,2019년 8월 1일,no_answer,"아니 제발 학생들이랑 한국 아미 들좀 위해서 발전해 주세요 제발 뭐 하는거에요 무통장 입금도 없어가지고 카드 결제 때문에 빡쳐서 이러고 있구만,,, 장난 하냐구요 ㅋ 빨리 무통장 입금좀 만들어 주세요 카드만 해서 뭐 할려구요 브라우저 쿠키설정을 왜 해야지만 결제가 가능하냐구요 맘은 급해죽겠구만",no_specific_comment,no_answer
Dr.딜러,1,2019년 8월 1일,no_answer,분명 비번이 맞는데 로그인이 않되요 빨리 고쳐주세요!,no_specific_comment,no_answer
이희경,1,2019년 8월 1일,no_answer,어플이 안깔려요ㅜㅜ,no_specific_comment,no_answer
이동희,5,2019년 8월 1일,no_answer,심플하고 좋아요!,no_specific_comment,no_answer
체서나,1,2019년 8월 1일,no_answer,카드 한도 때문에 결제를 못 하는 상황이에요 ㅜㅜ 무통장입금좀 넣어주세요!!!,no_specific_comment,no_answer
보라,1,2019년 8월 1일,no_answer,난 제일 웃기는게 무통장입금 없는 거랑 티켓양도 가족끼리도 안되는거 등본 있음 됐지 뭘 가족끼리 암표를 한다고ㅠㅠ 관람가 9세 해놓지말고 만 14세로 해놓지 그러세요?,no_specific_comment,no_answer
an jane,5,2019년 8월 1일,no_answer,굿,no_specific_comment,no_answer
주원주원,1,2019년 8월 1일,no_answer,결제방법에 무통장입금 추가해주세요 .,no_specific_comment,no_answer
김아미,1,2019년 8월 1일,no_answer,빅힛샵에 있던 무통장 입금 왜 없앴어용ㅋㅅㅋ,no_specific_comment,no_answer
Bluemoon청월량,3,2019년 8월 1일,no_answer,무통장 입금도 결제 수단에 추가해주세요,no_specific_comment,no_answer
벨링,3,2019년 8월 1일,no_answer,학생분들을 위해서 통장입금 기능 좀 만들어주세요,no_specific_comment,no_answer
sooo jang,5,2019년 8월 1일,no_answer,편리하게 득템가능,no_specific_comment,no_answer
밍모찌방탄아미,5,2019년 8월 1일,no_answer,엑설런트,no_specific_comment,no_answer
INSEON JEONG,5,2019년 8월 1일,no_answer,최고! 편함.,no_specific_comment,no_answer
이서현,5,2019년 8월 1일,no_answer,좋아요,no_specific_comment,no_answer
공수정,5,2019년 8월 1일,no_answer,좋아요!,no_specific_comment,no_answer
miji Lee,5,2019년 8월 1일,no_answer,굳.,no_specific_comment,no_answer
잡덕,1,2019년 8월 1일,no_answer,무통장 입금은 왜 없는거죠.....?? 학생은 어떻게 하라는 거죠 매번 부모님 카드로 결제할 수도 없고.... 무통장 입금 좀 만들어주세요 물건 수량도 많이 좀 늘려주시고 물건 풀리면 공지 좀 해주세요,no_specific_comment,no_answer
뷔가내린다정국에,3,2019년 8월 1일,no_answer,아니 신용이나 체크없어서 딴 앱으로 할려고 하는데 다 성인이여야하네요;청소년은 생각안합니까?,no_specific_comment,no_answer
사람,1,2019년 8월 1일,no_answer,결제수단에 무통장입금도 해주세요 빅히트샵에는 무통장입금 있었는데 위플리는 없네요 이럴거면 빅히트샵은 왜 없앴나요,no_specific_comment,no_answer
이현정,5,2019년 8월 1일,no_answer,빅히트샵이 어플로 따로 나와서 소속사 관련 아티스트들에 대한 각종 굿즈와 이벤트판매용을 통합한건 편리한 것 같아요. 콘서트 응모 당첨되길!! :)ㅋㅋ,no_specific_comment,no_answer
최수빈,1,2019년 8월 1일,no_answer,상세주소 확인이라고 계속 뜨는데 오류인지 뭔지 모르겠지만 불과 7월달에 물품 주문할땐 괜찮았어요 좀 고쳐주세요,no_specific_comment,no_answer
이지현,1,2019년 8월 1일,no_answer,결제 방식을 카드 말고도 무통장입금을 추가해주시거나 pc로 들어가질 수 있게 해주셨으면 좋겠습니다 멤버십 가입하려고 하니까 결제 방식이 카드만 되네요 카드가 없어서 부모님 카드를 이용해 결제를 하려고 하는데 모바일에서 카드로 결제를 안하다 보니 무슨 앱을 깔고 가입을 해야한다고 하더군요 그래서 다 했더니 계속 튕기고 안되길래 그냥 원래 사용하던 pc에서 결제를 하려고 했어요 근데 위플리를 pc로 들어가려고 하니 뭘 눌러도 계속 원래의 페이지만 뜨고 안들어가져요 위플리는 앱으로만 사용 가능하다길래 pc로 앱을 다운로드 받으려고 했는데...전체 리뷰,결제 방식을 카드 말고도 무통장입금을 추가해주시거나 pc로 들어가질 수 있게 해주셨으면 좋겠습니다 멤버십 가입하려고 하니까 결제 방식이 카드만 되네요 카드가 없어서 부모님 카드를 이용해 결제를 하려고 하는데 모바일에서 카드로 결제를 안하다 보니 무슨 앱을 깔고 가입을 해야한다고 하더군요 그래서 다 했더니 계속 튕기고 안되길래 그냥 원래 사용하던 pc에서 결제를 하려고 했어요 근데 위플리를 pc로 들어가려고 하니 뭘 눌러도 계속 원래의 페이지만 뜨고 안들어가져요 위플리는 앱으로만 사용 가능하다길래 pc로 앱을 다운로드 받으려고 했는데 그것도 안되더라고요 더이상은 스트레스만 받고 시간 낭비인 거 같아 그냥 멤버십 가입을 포기했습니다 pc로 접근이 용이하지 않다면 모바일로 카드 결제가 난감한 사람은 어떻게 구입을 하라는건가요 결제 방식에 무통장입금을 추가하시거나 pc로 들어가질 수 있게 해주시는 것을 요구합니다,no_answer
_윤솔,1,2019년 8월 1일,no_answer,옛날 빅히트샵에서는 무통장 입금이 가능했는데 지금은 그것도 없고 미성년자는 부모님 카드로 해야되는데 본인 카드아니면 불가능이고 도데체 어떻게 하라는건지 모르겠네요 그 외의 방법들도 마찬가지고 미성년자는 어떻게 사야되죠?,no_specific_comment,no_answer
ᄉᄋ,1,2019년 7월 31일,no_answer,위버스 폐지하고 위플리도 같이 폐지했으면,no_specific_comment,no_answer
정윤,1,2019년 7월 31일,no_answer,아니 브라우져쿠키설정 크롬끄고 다해봤는데도 안돼네요 뭐 사지말라는건가요 아미밤 구하기도 어려운거 왜 띄어놓으셨나요 .,no_specific_comment,no_answer
hyunjung oh,2,2019년 7월 31일,no_answer,방탄 굿즈를 살수있는건 좋은데 이번에 멤버쉽 살려고 했는데 학생이어서 카드가 없는데 무통장 입금도 좀 만들어주세요ㅜㅜ 한가지 물어보는데 혹시 멤버쉽 학생은 어떻게 구입하나요...? 급해요ㅜㅜ,no_specific_comment,no_answer
Kei,1,2019년 7월 31일,no_answer,다른거 말고 무통장 입금이나 추가해주세요 학생들은 결제 어떻게 하라는거야,no_specific_comment,no_answer
아아,1,2019년 7월 31일,no_answer,왜 무통장 입금이 결제 방법에 없죠....? 제가 못찾는게 아니죠?? 카드없는 사람 배려 좀 해주세요ㅜㅜ 멤버십 결제 하고싶어도 못하겠네요ㅠㅠ,no_specific_comment,no_answer
이하준,1,2019년 7월 30일,no_answer,왜 다운이 안 됩니까~~~,no_specific_comment,no_answer
ᄋᄋ,4,2019년 7월 30일,no_answer,좋긴 한데요 회원가입을 할 때 인증 이메일 요청을 하는데 gmail 함에 이메일 요청이 안떠요. 어떻게 해야하나요?,no_specific_comment,no_answer
김단희,1,2019년 7월 30일,no_answer,제발제발 무통장입금좀 추가해주세여 불편해여ㅠㅠ,no_specific_comment,no_answer
김채영,3,2019년 7월 30일,no_answer,다 좋은데 결제 방식에 무통장 입금도 생겼으면 좋겠습니다!,no_specific_comment,no_answer
엄마아미와김아들,5,2019년 7월 30일,no_answer,포인트를 주니 아주유용합니다~~♡,no_specific_comment,no_answer
리채,1,2019년 7월 30일,no_answer,뭘 자꾸 상세주소를 확인하래요,no_specific_comment,no_answer
kers po,1,2019년 7월 30일,no_answer,위플리 결제하려는데 왜 자꾸 앱이 종료 되나요.. 고객센터 1:1문의창도 들어가면 자꾸 종료 돼서 뭘 할 수가 없네요 ㅠ,no_specific_comment,no_answer
서민아,1,2019년 7월 30일,no_answer,빅히트샵도 빡치는데 니네 진짜 뭐하냐;;;,no_specific_comment,no_answer
지민러브,5,2019년 7월 30일,no_answer,"위플리, 화이팅! 앞으로 우리 더 잘 지내봐요~💜",no_specific_comment,no_answer
뿌빠,1,2019년 7월 30일,no_answer,무톨장 입금은 왜없죠?... 청소년은 사지 말라는 건가요? 더 불편해 졌는데 이 어플 왜만드죠? 므통장 입금 가능좀요?ㅡ.ㅡ,no_specific_comment,no_answer
Visianthus,5,2019년 7월 30일,no_answer,서버 안터지게 관리하세요,no_specific_comment,no_answer
유은희,1,2019년 7월 30일,no_answer,앱이 다운로드 안돼요....,no_specific_comment,no_answer
한소민,1,2019년 7월 29일,no_answer,문의를 하면 답변 좀 성의있게 해주세요;; 그리고 똑같은 답만 말하지 말고 쫌 알아보고 답변 부탁드립니다~;;,no_specific_comment,no_answer
김지영,5,2019년 7월 27일,no_answer,와우,no_specific_comment,no_answer
윤은주,1,2019년 7월 27일,no_answer,아니왜 회원가입이 않되나요. 죽을것같아요. 답답해서,no_specific_comment,no_answer
진소윤,5,2019년 7월 26일,no_answer,다 좋은데 왜 무통장입금이 안돼나요 10대들은 아무것도 살수가없고 보고만 있는건가요...?,no_specific_comment,no_answer
Ho,3,2019년 7월 25일,no_answer,카드 사용말고 무통장 입금도 돠면 좋겠어요ㅠㅠㅠㅠ 다른건 다 좋습니다ㅜㅜㅠ,no_specific_comment,no_answer
박선유,4,2019년 7월 25일,no_answer,이제 힘들게 안들어가고 바로 앱 들어가서 찾고 보고 사는건 좋은데 무통장 입금 이나 통장입금 좀 넣어주세요ㅠㅠ 카드 그런거 없는데 사야하긴 하고 그래요.업데이트 하면 꼭 넣으주셨으면 좋겠습니다.업데이트 해주세여!!,no_specific_comment,no_answer
포포로리,1,2019년 7월 25일,no_answer,무통장입금 원해요ㅜ,no_specific_comment,no_answer
이정아,2,2019년 7월 22일,no_answer,무통장으로 헐수밖에 없는 사람들도 있는데 ㅠㅠ 무통장도 결제에 추가해주시면 안되나요...,no_specific_comment,no_answer
김슥찌에 뷔가내린다,2,2019년 7월 22일,no_answer,왜 아미밤3 재입고 안하죠?하..,no_specific_comment,no_answer
08지영,5,2019년 7월 22일,no_answer,진짜진짜 너무 너무 좋은데 무통장 입금도 만들어쥬세용,no_specific_comment,no_answer
강어진,2,2019년 7월 21일,no_answer,진짜 왜 무통장입금이 왜 아니예요??? 왜 왜 왜 진짜 제발 추가해주면 안돼요???학생은 어떻게 결제하라는 거냐고...아 진짜,no_specific_comment,no_answer
뿜듄,1,2019년 7월 21일,no_answer,재발좀 회원가입 되게 해주세요 안되면 어쩌라는거죠? 저두 재발좀 해가지고 사고싶은데 진짜 몇번을 시도해도 안되고 지우고 깔아도 똑같이 안되요..다른 애들은 잘 되는데 저만그러네요.. 재발 재발 이거읽고 고치세요,no_specific_comment,no_answer
지민지민,2,2019년 7월 20일,no_answer,"이메일재전송을 많이했는데 왜 아무것도 안오죠 ,, ?",no_specific_comment,no_answer
Hyunuk Chung,5,2019년 7월 19일,no_answer,너무너무 디자인이 잘 되어 있어서 좋아요!!,no_specific_comment,no_answer
glea goo,1,2019년 7월 19일,no_answer,주소입력이 안되서 다음 단계로 안넘어가요....,no_specific_comment,no_answer
으꺆,1,2019년 7월 18일,no_answer,1:1문의를 넣어도 안보고 주소가 그게 끝인데 자꾸 뭘 적으래?그리고 무통장입금이 안되서 이러지도 못하고 저러지도 못하는데 무통장좀 넣어주세요,no_specific_comment,no_answer
쿡키,1,2019년 7월 17일,no_answer,"아니 ;; 학생들이 구매할껄 알면서도 무통장 입금 안 해놓으신건가요 ? 살려고 해도 카드로 해야해서 지금 구매 하지도 못 하고 있구요 제발 이런 리뷰 보신다면 "" 제발 학생들도 배려해서 무통장 입금 기능 좀 만들어주세요. """,no_specific_comment,no_answer
또치,1,2019년 7월 17일,no_answer,구매가 안되길래 고객센터에 문의를 넣었는데 왜 그거조차도 안 보시는겁니까 앱 만들었으면 제대로 관리 해주세요,no_specific_comment,no_answer
남권도형,1,2019년 7월 17일,no_answer,구매가 안되길래 고객센터에 문의했는데 왜 그거조차 안 보세요. 앱 만들었으면 제대로 관리 해주세요,no_specific_comment,no_answer
이진규,5,2019년 7월 16일,no_answer,BTS♡,no_specific_comment,no_answer
정세진,1,2019년 7월 16일,no_answer,무통장입금이 없어서 아무것도 할 수가 없어요 페이코도 했는데 아직 어려서 카드 한도도 3만원 밖에 안되서 한도는 바꿀 수도 없데요 제발 이점 보완해주세요 저 아미 멤버십 진짜 가입 해야 한다고요,no_specific_comment,no_answer
장하영,1,2019년 7월 16일,no_answer,아니 왜 무통장 입금이 없어요?,no_specific_comment,no_answer
이다인,1,2019년 7월 15일,no_answer,제가 체크를하다가 14세미만인데 잘못체크했는데 그 이메일을 지위주실주 있을까요?ㅜㅜ,no_specific_comment,no_answer
彡ᄒᄑ,1,2019년 7월 15일,no_answer,"무통장입금 왜 없나요 , 학생인데 카드결제로 이거 하나 구매하는데 수만가지 욕을 먹었습니다. , 학생분들도 좀 생각해주시고 다시 설정 넣어주세요",no_specific_comment,no_answer
이링,1,2019년 7월 15일,no_answer,무통장 입금 추가 좀 해주세요,no_specific_comment,no_answer
김태희,5,2019년 7월 15일,no_answer,조음,no_specific_comment,no_answer
왕보경,5,2019년 7월 15일,no_answer,계속 주소를 쓰고 결제를 하려고 하는데요. 계속 상세 주소를 확인하라고 뜨네요. 어떻게 해야 하죠?,no_specific_comment,no_answer
묭묭,1,2019년 7월 15일,no_answer,3만원 이상 무료배송이라매요... 위멤버십 가입금액 삼만 삼천원인데 배송비 붙이는건 뭐에요??ㅎㅎ;;;;;;;;;;;,no_specific_comment,no_answer
이지민,3,2019년 7월 15일,no_answer,다 좋은데 무통장입금도 추가해주시면 안될까여..ㅜㅜ,no_specific_comment,no_answer
박수현,1,2019년 7월 15일,no_answer,상품 살려고 다 입력했는데 학생이라 무통장 임금만 가능해서 결국 구매 못했어요 구매과정이 딱히 간편한것도 아니고 체크.신용카드만 결제된다는 점이 불편하네요 무통장 임금도 추가해주세요,no_specific_comment,no_answer
멋진잇진,5,2019년 7월 15일,no_answer,여기 굿즈들이 많아서 좋아요,no_specific_comment,no_answer
대일리케어,1,2019년 7월 15일,no_answer,무통장 입금이 없어서 뭘 사지도 못하겠네요,no_specific_comment,no_answer
230 1,3,2019년 7월 15일,no_answer,결제수단에 무통장입금 추가 부탁드려요. 다 좋은데 결제수단이 좀 불편한것같습니다.,no_specific_comment,no_answer
"작짐 ,",1,2019년 7월 15일,no_answer,카드로 안되는 미성년자는 너무 까다롭네요...무통장 입금도 없어서 부모님꺼로 해도 정보가 달라 못하고 있어요;;제발 무통장 넣어주세요ㅠ,no_specific_comment,no_answer
박해민,1,2019년 7월 15일,no_answer,아니 이메일 비번 바꾸라길레 바꿧는데 일치하지 않는다고 뜨는건 뭔데요ㅋㅋㅋㅋㅋ 가입하지 말라는 건가ㅋ,no_specific_comment,no_answer
시래기된장국,2,2019년 7월 15일,no_answer,제발 무통장입금좀 추가해주세요ㅠㅠ,no_specific_comment,no_answer
하콩,1,2019년 7월 15일,no_answer,빡쳐요 앱이 좋은 건 모르겠고 여러사이트에서 구매할 수 있던 방탄 굿즈를 (일단 이번 디비디) 위플리에서만 살 수있다는 게 너무 화나고 빅히트가 짜증나요 상술 너무 투명하게 보여서 아오 위버스도 짜증나고 공카 폐지하려고 안간힘을 쓰네,no_specific_comment,no_answer
꿀떡,1,2019년 7월 15일,no_answer,아니 이걸 왜 굳이 왜만들었어요? 잘쓰던 빅히트샵은 왜버리고? 왜 여기서 공식가입을 시켜요? 왜?,no_specific_comment,no_answer
하늘에서뷔가,2,2019년 7월 14일,no_answer,아진짜ㅠㅠㅠ 업댓 할꺼면 아랫 댓글도 참고해주세요 제발 무통장 입금 안되서 지금 부모님께 겨우 허락맡고사는데😠😠,no_specific_comment,no_answer
쀼비,1,2019년 7월 14일,no_answer,아니 무통장 입금 왜 사라졌나요? 학생인 사람들은 입금 어떻게 하는데요 제가 지금 학생인데 카드도 없고 엄마는 입금안해주는데 빨리 무통장 만들어주세요ㅠ,no_specific_comment,no_answer
지니지니,4,2019년 7월 14일,no_answer,soso,no_specific_comment,no_answer
박세은,1,2019년 7월 14일,no_answer,결제수단에 무통장입금이 없어요.. 학생이라 카드도 없어서 부모님이 결제해 주시는데 무통장입금이 없어서 아무것도 사지를 못하고 있어요.. 추가해 주시면 안되나요..?제발요...,no_specific_comment,no_answer
Hyunji Tackett,3,2019년 7월 14일,no_answer,"굿즈 10개면 8개가 솔드아웃인데, 가까운 시일 안에 다시 물량확보되는 굿즈가 아니라면 제발 목록에서 지워주세요. 사지도 못하는 굿즈 목록보면서 씁쓸..ㅠㅠ",no_specific_comment,no_answer
최지원이다,1,2019년 7월 14일,no_answer,로그인하는데 이메일 보내준다해놓고 안오는데요 .,no_specific_comment,no_answer
진심나무,5,2019년 7월 14일,no_answer,방탄공식쇼핑몰이 그리워요,no_specific_comment,no_answer
김수영,1,2019년 7월 13일,no_answer,업데이트왜안됨,no_specific_comment,no_answer
goodluck jimin,5,2019년 7월 13일,no_answer,💜,no_specific_comment,no_answer
쨩수빈,2,2019년 7월 11일,no_answer,"아니;; 주문했는데 저보다 주문 늦게한 사람은 저보다 일찍오고, 전 왜 계속 안오죠?? 지금 4일 짼데요.. 그리고 고객상담 전화도 왜 계속 안받죠?? 전화도 안하면서 걍 전화한다 뻥치는 것 같은데.. 이러다 걍 돈만 빼먹는거 아니죠??진짜 참다참다 저 울기 까지 했는데.. 무슨 앱이 이따위에요??",no_specific_comment,no_answer
겨울,2,2019년 7월 10일,no_answer,무통장입금이 없어서 앨범을 못사요...ㅠ 무통장입금도 만들어주세요,no_specific_comment,no_answer
ᄆ홉이보미아미판다,3,2019년 7월 10일,no_answer,캐시를 모으는 건가요? 모아야 되면 어떻게 받아서 모으는 건가요?,no_specific_comment,no_answer
하율곤듀[아미라구욧],1,2019년 7월 9일,no_answer,와.....로그인을 할려고 이메일 전송을 하는데 전송이 안돼잖아요....;;,no_specific_comment,no_answer
하예은,2,2019년 7월 9일,no_answer,무통장입금 추가해주세요 신용카드나 체크카드 발급이 어려운 미성년자들은 구매하기가 까다롭습니다.,no_specific_comment,no_answer
지혜,4,2019년 7월 8일,no_answer,무통장 입금이 생겼으면 좋겠어요 결제가 너무 불편해요,no_specific_comment,no_answer
박햇,1,2019년 7월 8일,no_answer,"제발 결제 수단에 무통장 입금 좀 추가해주세요,,,ㅋㅋㅋㅋ 진짜 불편해 죽겠음",no_specific_comment,no_answer
새피,3,2019년 7월 6일,no_answer,아니 앱 생긴 건 좋아요. 근데 무통장입금이 없으면 학생들은 어떻게 사나요...,no_specific_comment,no_answer
꿀배,5,2019년 7월 5일,no_answer,바뀐거 몰라네,no_specific_comment,no_answer
큐티%,5,2019년 7월 4일,no_answer,짱짱,no_specific_comment,no_answer
쀼햄,3,2019년 7월 4일,no_answer,다 좋은데 제발 무통장 입금 넣어주세요 신용카드 결제 너무 어려워서 살 수 없어요...ㅠ,no_specific_comment,no_answer
서연,4,2019년 7월 4일,no_answer,아 진짜 다 좋은데요 ... 네 너무 좋아요 좋은데요 ... 도대체 왜 결제수단에 무통장입금이 없는건가요 ... ?? 체크 • 신용카드나 페코 ? 이거 없는사람들은 어떻게 삽니까 ㅠㅠㅠㅠㅠㅠ 불편해요 너무 ㅠㅠㅠ ㅠㅠ ㅠㅠ ㅠㅠ ㅠ 저 맨날 ㅠㅠㅠ ㅠㅠ ㅠ ㅠ 무통장입금으로 이용해서 ㅠ ㅠ ㅠ ㅠㅠㅠ ㅠㅠ ㅠ 무통장입금도 결제수단에 넣어주세요 ㅠㅠㅠ ㅠ ㅠ ㅠ ㅠ ㅠㅠ ㅠ,no_specific_comment,no_answer
민주,5,2019년 7월 4일,no_answer,결제수단에 무통장 입금도 넣어주세요😭,no_specific_comment,no_answer
"감사했어요,호비",1,2019년 7월 3일,no_answer,학생들은 어떻게 결제하라고 결제 수단에 카드밖에 없죠? 무통장 입금 넣어주시면 감사하겠습니다. 이전 빅히트샵이 더 좋았던 것 같네요,no_specific_comment,no_answer
정세진,3,2019년 7월 2일,no_answer,"결제방식도 바뀌고, 처음 로그인시 빅히트샵 아이디와 비번사용이 가능하다 하였으나 비밀번호 방식이 바뀌어 다시 비밀번호를 바꾸기까지 해야하는데, 이걸 미리 공지 해주셨음 화 나는 일이 없었을듯 하고요. 또한 앱만 있으니 이러니저러니 불편하기도 하네요",no_specific_comment,no_answer
우예린,1,2019년 7월 1일,no_answer,카톡으로 로그인했던 사람들은 어떻게하나요?,no_specific_comment,no_answer
녤빈낭자_{조녜주의},5,2019년 6월 30일,no_answer,굳굳!,no_specific_comment,no_answer
리아,3,2019년 6월 29일,no_answer,굿즈가 빨리 올라오면 좋겠어요,no_specific_comment,no_answer
조가든,1,2019년 6월 28일,no_answer,아니 결제수단에 왜 무통장입금은 없어요? 제가 못 찾은거라면 죄송한데 어디있는지 좀 알려주세요 없는거면 제발 추가해주세요 그리고 이제 그냥 인터넷 사이트로 못 들어가고 앱을 깔아야만 들어갈 수 있는데 너무 불편하구요 위플리 홈페이지는 왜 접속이 안 되나요? 제가 언제까지 새로고침을 해야 홈페이지를 들어가볼 수 있을까요.,no_specific_comment,no_answer
호뷔꾹,1,2019년 6월 27일,no_answer,왜 pc에서는 비번 수정이 안되게 되어 있는지... 아님 설명에 pc는 안되니 모바일로 비번 수정하라고 알려주든지... 몇번을 시도했는지 모르겠네요 정말.  참 불편하게 해놨네요...,no_specific_comment,no_answer
태태보라해,3,2019년 6월 27일,no_answer,제일 아쉬운점이 PC로 구매할수가 없는것.. 왜이렇게 할까..,no_specific_comment,no_answer
망개섹시쥐민쒜,5,2019년 6월 27일,no_answer,완전 좋아요!! 근데 굿즈가 줄어든거같아서ㅠㅠ 진짜 ❤❤❤,no_specific_comment,no_answer
ᄎᄋᄉ,3,2019년 6월 26일,no_answer,제가 지금 청소년입니다 근데 제가 물품을 구매할려고 하는데 신용카드같은 거밖에 없더라고요그리고 부모님 신용카드로 할려면 어렵고요계좌이체도 넣어주시면 안될까요?,no_specific_comment,no_answer
전연희,5,2019년 6월 26일,no_answer,위플리 일본굿즈 판매하면 최고매출찍는다 진짜 ㅋㅋㅋㅋㅋㅋㅋㅋㅋㅋㅋㅋㅋㅋ,no_specific_comment,no_answer
변서진,4,2019년 6월 25일,no_answer,왜 만 12세는 안돼는건가요.. 엄마폰으로 엄마가 해줫습니다.. 만12세도 살수잇게 해주십셔..,no_specific_comment,no_answer
최현주,1,2019년 6월 25일,no_answer,아이디.비번때문에불편.빅히트샵이편했는데.체크나신용.페이밖에안되서불편.앨범도못샀는데.가상계좌 되게해주세요.,no_specific_comment,no_answer
예빈,1,2019년 6월 24일,no_answer,"비번 맞는데 자꾸 틀렸다고 해서 '비번을 잊져버렸나요 ?' 눌렀는데 자꾸 들어갔다 팅겼다 하네요, 앱 만들었으면 일 제대로 하세요,",no_specific_comment,no_answer
서연SEO YEON,4,2019년 6월 23일,no_answer,진짜 다 좋은데 제발 무통장입금 좀 하게 해주세요,no_specific_comment,no_answer
ch_ jiyun,5,2019년 6월 23일,no_answer,다른건 다좋은데 전에 빅히트샵에서 모았던 포인트들좀 옮겨주시면 좋을것같아요 많이 모았었는데 같은계정을 써도 초기화되어 있네요 혹시나해서 다시 스캔해보니이미인증이되있다고 하네요 모았던 포인트 다시 쓰게해주시면 감사하겠습니다,no_specific_comment,no_answer
비비수,1,2019년 6월 23일,no_answer,알림이 하나도 안옵니다 알림이 나만 안오나 싶어서 고객센터에 문의해도 뚜렷한 답이 없고 이럴거면 이 앱 왜 만들었나 싶고...ㅋㅋㅋㅋㅋㅋ 개발도 제대로 안된거 수익 올리려고 만든거 너무 티나고... 제발 앱 좀 수정 해주세요 알림이 하나도 안와요. 알림 설정해놓으면 뭐해 나빼고 굿즈 다 사가는데 애초에 알림을 만들지를 말던가 트위터로 꼬박꼬박 알림을 해주던가...진짜 갑자기 아무말도 없이 푸는건 빅힛 종특인가 싶고....빡쳐요 앱 개선좀 해주세요 제발,no_specific_comment,no_answer
라이유라,1,2019년 6월 22일,no_answer,"학생이라서 카드도 없고, 부모님도 카드 없어요ㅠㅠ 그럼 어떻게 사란 말입니까! 다시 빅히트샵으로 왔으면 좋겠네요.....",no_specific_comment,no_answer
에요힛멘뱅,4,2019년 6월 22일,no_answer,"다 좋은데 휴대폰 결제가 없어서 아쉽네요. 카드결제나 페이코, paypal 결제 수단이 이것들 밖에 없는데 좀 복잡해서 힘들어요 결제할때 휴대폰 결제 좀 추가해주세요.",no_specific_comment,no_answer
장정윤,4,2019년 6월 21일,no_answer,아직까지는 좋게 사용하고 있어요~ 위플리 괜찮은 앱 입니당~^^,no_specific_comment,no_answer
Sujin J,5,2019년 6월 20일,no_answer,잘 만들었어요 좋아요,no_specific_comment,no_answer
변희원,5,2019년 6월 20일,no_answer,좋은데여!!!!!!!!!!!!!!,no_specific_comment,no_answer
jin lee,1,2019년 6월 20일,no_answer,앱이아니고 환장보따리를 올려놓으셨네 앱다운조차 안되요 오늘 향수풀렸다더니 구경도못하고 내 이성의끈만 풀림 정식앱맞아요? 껄껄껄,no_specific_comment,no_answer
simplesync simplesync,5,2019년 6월 20일,no_answer,사용성 굿,no_specific_comment,no_answer
김상우,5,2019년 6월 20일,no_answer,좋아요,no_specific_comment,no_answer
bluemountain93 ju,1,2019년 6월 20일,no_answer,비밀번호가 안들어가져요 빨랑 해결해주세요 ㅠㅠ,no_specific_comment,no_answer
nana na,1,2019년 6월 19일,no_answer,로그인이 안돼 이놈들아... 로그인 비번설정 국가언어설정 다하고 나서 들어가면 또 로그인하래 장난하냐???,no_specific_comment,no_answer
방탄하루,2,2019년 6월 19일,no_answer,"이거 비밀번호도 바꾸었는데 , 로그인을 하면 로그인을 하라고 하네요. 얼른 고쳐주세요.",no_specific_comment,no_answer
0 0,1,2019년 6월 19일,no_answer,왜 로그인이 안되나요,no_specific_comment,no_answer
지수,4,2019년 6월 19일,no_answer,왜 다른 폰으로 로그인을 하면 자동으로 원래 있던 폰에서 로그아웃 되는거죠? 그리고 무통장 입금 좀 할 수 있게 해주세요 카드결제 못해요..,no_specific_comment,no_answer
Jieun Noh,1,2019년 6월 19일,no_answer,굿즈풀려서 들어갔는데 뭔 계정로그인을 계속하라고 하네요ㅎ 최소 5번은 했는데 계속 로그인하라고 처음 화면으로 돌아가고 이런 오류는 잡고서 출시해야되는 거 아닌가요? 기존 빅히트샵에서 잘만 되는데 위플리에서는 안되네요 덕분에 굿즈 못 샀습니다.^^ 이 오류 어서 수정해주시기 바랍니다.,no_specific_comment,no_answer
해과교,1,2019년 6월 19일,no_answer,비번도 조건에 맞게 바꿨는데 로그인이 안됩니다. 빠른 수정과 답변 바랍니다,no_specific_comment,no_answer
키쿠,1,2019년 6월 19일,no_answer,아니 로그인 하고 이름넣고 국적선택 동의과정 까지 다했는데 왜 자꾸 pleaae log in. 이라고 뜨고 로그인이 안되나요..😧😡 내일 향수 사야해요 해결해주세요.,no_specific_comment,no_answer
패화,1,2019년 6월 19일,no_answer,"로그인을 하라고 해서 빅히트샵에서 원래 사용하던 이메일을 작성했는데 회원가입창이 뜨길래 정보 작성 후 회원가입을 완료했습니다. 하지만 다시 회원가입창이 뜨고, 혹시나 싶어 다시 해보니 회원가입 무한반복이 되네요. 빅히트샵을 없애고 위플리를 만들었으면 일 좀 제대로 하세요.",no_specific_comment,no_answer
문자조,1,2019년 6월 19일,no_answer,로그인 좀 하게 해주세여ㅠㅠ,no_specific_comment,no_answer
작은 윤기를 위한시,5,2019년 6월 19일,no_answer,완전 좋은것 같아요! 재입고 될때 알림도 오고 완전 좋아요! 근데 예전보다 굿즈가 많이 줄어서 아쉬워요ㅠ,no_specific_comment,no_answer
박꾸링,1,2019년 6월 19일,no_answer,로그인을 해도 안먹히고 계속 로그인하라고 뜨는데요,no_specific_comment,no_answer
아미유애나,1,2019년 6월 19일,no_answer,수량이 없는데 이게 무슨 굿즈샵이라고 할 수가 있겠어요? 사전예약인데도 품절이면 어쩌라는거죠? 수량이 없으면 애초에 그 굿즈를 팔질 마시던가요~ 왜 수량도 부족한데 팔고 그러나요.,no_specific_comment,no_answer
조선희,1,2019년 6월 18일,no_answer,이메일인증이 왜안되죠? 계속 다운하라고 하내요,no_specific_comment,no_answer
울트라안,5,2019년 6월 17일,no_answer,로그인이 되지않아 계속 헤맸는데요 기존메일주소치면 메일이 와요 그럼 클릭하시고 위플리들어가셔서 비밀번호변경하시면되요 비밀번호에 대문자가 꼭 하나는 들어가고 8자이상 되어야만 변경가능합니다,no_specific_comment,no_answer
율무,2,2019년 6월 16일,no_answer,무통장 입금 만들어주세요. 왜 없애셨나요.,no_specific_comment,no_answer
ARMelodY,5,2019년 6월 16일,no_answer,다 좋은데... ost 앨범 예판인데 품절이네요... 언제 풀리나요?,no_specific_comment,no_answer
윤메Younmea,1,2019년 6월 16일,no_answer,결제수단이 안바껴요... 좀 당황스럽네요.paypal 밖에 안되서 결제를 아예 못하네요;;,no_specific_comment,no_answer
정예린,3,2019년 6월 15일,no_answer,제가 네이버아이디 해킹됬는데 특스ㅜ문자 없어서 빅힛샵에서 썼던 이메일주소로 인증번호 보냈다니까 당황이네여...;;; 포인트도 꽤 있는데...ㅠㅠ,no_specific_comment,no_answer
07 _지은,5,2019년 6월 13일,no_answer,진짜 다 좋은데 그 비밀번호 까먹어서 찾으려하는데 안 되용ㅇ ㅠㅠㅠㅠ,no_specific_comment,no_answer
굥이,5,2019년 6월 13일,no_answer,"빅히트아이돌만 잇는걸보니 빅히트 전용 굿즈샵인건가요..! 좋네요ㅎㅎ 빅히트샵은 너무 알려져서 굿즈가 빨리 소진되는데 여기는 그 정도는 아니어서 좋아요ㅠㅜ 계속 이 정도 인지도면.. 좋겠다,,",no_specific_comment,no_answer
*lauvan *,5,2019년 6월 13일,no_answer,저는 너무 좋아요 >< bts쇼핑몰 때보다는 앱도 깔끔하고 버퍼링도 별로 없고 덕질 10년하면서 기획사에서 독자적으로 이런 앱을 만든다는건 너무 좋은 일입니다. 오늘도 저의 덕질의 삶에 대한 편리함이 한단계 더 올라간 것 같아요! 이건 만드신 분들 돈 많이 받고 일 적게 하세요 ㅠㅠ *아! 그리고 비밀번호 설정하실때 꼭 대문자! 소문자 2개 모두 다 들어가게 설정해주세요! 저도 대문자 안 들어가서 비밀번호 설정할 때 화가 났습니다 ㅠㅠ 꼭! 대문자도 필히 넣어주세요!! *,no_specific_comment,no_answer
:아돈깁어씻,5,2019년 6월 13일,no_answer,계산을 할려하는데 계속 달러로 되네요 언어설정에도 한국어라 해놨는데 달러로 되는데 이거 어떻게 바꾸나요,no_specific_comment,no_answer
{레몬트리},1,2019년 6월 12일,no_answer,왜 계정 인증했는데 아무것도 안되죠? 진짜 개같은 앱이네요 ㅋ,no_specific_comment,no_answer
악으,3,2019년 6월 12일,no_answer,정말 좋은데 결제방법에 무통장입금 추가해주시면 진짜 감사할거같아요,no_specific_comment,no_answer
_ジ,1,2019년 6월 12일,no_answer,"일단 다른분들과 같이 비번에서 부터 막혔습니다 비밀번호를 몇번씩이나 재설정해도 안된다네요 아미피디아랑 빅히트샾에서는 잘 쓰던 계정이 왜 하루 한 순간에 먹통일까요 위플리보단 빅히트샵이 더 나은데요? 빠른시일 내에 고쳐주시길, 아미밤도 앨범도 못 사고 있는데 좀 빠른시일내에 고쳐주시길 바랄께요,",no_specific_comment,no_answer
Marie Kim,2,2019년 6월 12일,no_answer,비번설정을 다시 하려고 하면 이멜 메세지를 통해서 하라는데 이멜에서 비번재설정을 누르면 엡을 설치하라고 연결되는게 (이미 앱이 있는데도) 루프로 계속 돌아가는데 어떻게 하죠?,no_specific_comment,no_answer
YUNHUI NA,5,2019년 6월 12일,no_answer,이렇게 쾌적하게 굿즈사본 적 처음,no_specific_comment,no_answer
Eunae Jung,1,2019년 6월 12일,no_answer,설치부터 버벅버벅,no_specific_comment,no_answer
깽꽁달,1,2019년 6월 12일,no_answer,"로그인이 되질 않고 비번 바꿀려고 메일에서 바꾸는데 저장버튼이 안떠서 비번도 못찾고 못바꾸고있어요ㅡㅡ 저장,로그인 버튼 둘 다 안떠요 이게 무슨 편리한 서비스인가요? 더 불편한데..",no_specific_comment,no_answer
쑤쑤,3,2019년 6월 11일,no_answer,무통장 입금 왜 없어요.. 추가해주세요 무통장 입금이 절실하게 필요합니다ㅜㅜㅠㅠ 그것만 있으면 짱인데,no_specific_comment,no_answer
Yilhyeong Mun,1,2019년 6월 11일,no_answer,카트에 2가지담았는데 통합결제가 안되네요 2만원안되는것들 죄다 배송료붙는데 이거 어쩌란건지 ㅠ,no_specific_comment,no_answer
함채정함채정,3,2019년 6월 11일,no_answer,제껄로는 비번 다시 만들어서 로그인 했는대 미성년자다 보니까 엄마껄로 구매를 하려니까 로그인 할려고 비번 다시 만들려니까 앱이 깔려있지 않다고 깔라네요;; 뭐 어떡해야되죠?,no_specific_comment,no_answer
도일코난,4,2019년 6월 11일,no_answer,방튼굿즈쉅게구매할수있고인터넷을구지뒤쵸보지않아도쉅게알수있고저렴하게살수있어서좋다,no_specific_comment,no_answer
가람_91,5,2019년 6월 11일,no_answer,방탄 굿즈 쉽게 살 수 있여 좋은 것 같아요!! 이 앱 덕분에 드디어 아미밤 샀어요...ㅜ 그리고 깔끔하게 되어 있어서 좋네요 :-),no_specific_comment,no_answer
망개떡 한입에 설탕한스푼,5,2019년 6월 11일,no_answer,구하기 어렵던 아미밤 있어서 너무 좋구여!!ㅠㅠ 깔끔하게 정리가 잘되있는거 같아여!! 자주 이용하겠습니다♡,no_specific_comment,no_answer
해나,2,2019년 6월 11일,no_answer,무통장입금하는게 왜 없나요..,no_specific_comment,no_answer
김종선,3,2019년 6월 11일,no_answer,비번변경을 어떻게 하라는 거죠???? 링크따라서 변경하라고 하는데.... 받은 메일에서 비밀번호 변경누르면 이 화면이 나오는데 아무리 찾아도 비밀번호 변경하는곳이 없어서 못하고 있습니다. 알고 계신분 알려 주시면 감사드립니다.,no_specific_comment,no_answer
한기영,1,2019년 6월 11일,no_answer,너무 짜증이 나네요,no_specific_comment,no_answer
윤즐촉촉ミ,1,2019년 6월 11일,no_answer,앱으로 만들기 전에 수량을 먼저 늘려주세요 빅히트 서치 잘하잖아요 무통장 입금은 또 왜 없앴고요. 앱이 아니여도 좋으니까 수량을 늘리라고요 머스터 엠디는 왜 주문취소했어요 한개산 사람들 엠디도 미친듯이 빠져나가요 이게 한계에요? 눈 막고 귀 막으니까 이런 일 생기는 거잖아요 대책을 세워봐요 이런 일 터질때마다 방밤 풀고 쓸데없는 플레이존에 잔디마당에 도움 안돼는거 만들 시간에 수량 늘리고 아티스트 관리좀 하라는 소리에요,no_specific_comment,no_answer
석진아연,3,2019년 6월 11일,no_answer,새로 생겨 너무 기쁘네연 근데 무통장입금 있었으면 좋겠어여 ㅜ!ㅠ,no_specific_comment,no_answer
v태태%뷔,1,2019년 6월 11일,no_answer,휴대폰에서 가입하고 노트북에 깔려고보니 구글계정으로 연계되어있다고 뜨고 뭐가뭔지 몰겟어요.. 폰으론구입하고 볼수있는데 노트북으론 아무리해도 뭐가뭔지 모르겟어요 폰으로 가입한대로 아이디랑 비번이 연계되어야하는거 아닌지..,no_specific_comment,no_answer
은은한달빛,5,2019년 6월 11일,no_answer,좋네요,no_specific_comment,no_answer
eunhye LIM,3,2019년 6월 10일,no_answer,정말 너무 짜증나요... 비밀번호 재설정해서 로그인했고 구매 하려고 하니 페이팔 결제진행으로 안 넘어가져요. 결제진행버튼이 비활성화. 제 페이팔 계정은 프랑스계정이고요. 그냥 페이팔 말고 신용카드로 결제하려고 통화를 대한민국(원화)으로 변경하고 다시 구매하려고 하니까 통화재설정을 위해 자동로그아웃 된다고 다시 로그인하라고 해서 다시 로그인해서 들어가니까 통활설정이 다시 달러로 되있어요. 다시 한국 원화로 설정하고 구매하려고 하면 또 자동 로그아웃되고 로그인해서 들어가면 다시 달러로 설정되있고...몇번을 반복해도 마찬가지에요. 덕질하...전체 리뷰,정말 너무 짜증나요... 비밀번호 재설정해서 로그인했고 구매 하려고 하니 페이팔 결제진행으로 안 넘어가져요. 결제진행버튼이 비활성화. 제 페이팔 계정은 프랑스계정이고요. 그냥 페이팔 말고 신용카드로 결제하려고 통화를 대한민국(원화)으로 변경하고 다시 구매하려고 하니까 통화재설정을 위해 자동로그아웃 된다고 다시 로그인하라고 해서 다시 로그인해서 들어가니까 통활설정이 다시 달러로 되있어요. 다시 한국 원화로 설정하고 구매하려고 하면 또 자동 로그아웃되고 로그인해서 들어가면 다시 달러로 설정되있고...몇번을 반복해도 마찬가지에요. 덕질하고 싶어도 못하고 있고...넘 짜증나네요..ㅜ.ㅜ 앱 오류인건지 뭔지... 빨리 수정 좀 해주세요.,no_answer
서현,5,2019년 6월 10일,no_answer,제가 여러가지 귀찮고 불쾌하게 말했는데 개선해주셔서 감사해요ㅠ 고맙습니다,no_specific_comment,no_answer
쪼미니,1,2019년 6월 10일,no_answer,아니 이거 뭐예요 빅히트? 이럴거면 왜만들었어요 이거 아니 비번이 일치하지않다고만 뜨는데 빅힛샵에서 쓴거 비번도 대문자섞어서 바꾸고 해도 일치하지않다하고 구글 비번도 바꿨는데도 다 일치하지않다하고 아니 이런거 생각은 좋은데 이럴바에 그냥 빅힛샵 그냥 계속 진행하죠? 이거 없애고 아니면은 좀 이 서버 고쳐주든가요..;; 이거 고쳐지기전까진 계속 비번이 일치하지않다면서 로그인이나 회원기입 안돼겠네요 지금 예약판매하고있는거 날짜 끝날때까지 이거 로그인 안되면 어떡해요 그거 사려하는건데;; 하아 진짜..... 특수문자는 이미 들어가있는상태...전체 리뷰,아니 이거 뭐예요 빅히트? 이럴거면 왜만들었어요 이거 아니 비번이 일치하지않다고만 뜨는데 빅힛샵에서 쓴거 비번도 대문자섞어서 바꾸고 해도 일치하지않다하고 구글 비번도 바꿨는데도 다 일치하지않다하고 아니 이런거 생각은 좋은데 이럴바에 그냥 빅힛샵 그냥 계속 진행하죠? 이거 없애고 아니면은 좀 이 서버 고쳐주든가요..;; 이거 고쳐지기전까진 계속 비번이 일치하지않다면서 로그인이나 회원기입 안돼겠네요 지금 예약판매하고있는거 날짜 끝날때까지 이거 로그인 안되면 어떡해요 그거 사려하는건데;; 하아 진짜..... 특수문자는 이미 들어가있는상태라 조건 다 충족했는데도....하아...,no_answer
임수연,4,2019년 6월 10일,no_answer,다 좋은데요 왜 메일이 전송이 안되죠? 메일전송했다고 뜨는데 제 메일에는 전송이 안되어 있네요 다른 메일도 해보고 여러번 했는데... 왜 이러는거죠ㅠ,no_specific_comment,no_answer
여金恩英,2,2019년 6월 10일,no_answer,가입안됨ㅡㅡ,no_specific_comment,no_answer
이뚤렁,1,2019년 6월 10일,no_answer,노트3는 다운도 안되는 기기네요 ㅠㅠ 홈페이지에서는 꾸준히 신상 올라오면 지르고 했는데 사고 싶어도 살 수가 없으니 ... 홈페이지로 운영할 때가 편했어요,no_specific_comment,no_answer
정호비사랑꾼,4,2019년 6월 10일,no_answer,이메일 맞게 입력했는데 이메일이 안와서 확인을 못하고 있어요 ㅠㅠ 제발 고쳐주세요ㅠㅠㅠㅠ,no_specific_comment,no_answer
김명의,1,2019년 6월 10일,no_answer,빅히트샵 사용자였는데ᆢ 비번에 대문자 넣으라고 해서 비번 다시 설정할라고 하는데 이메일이 안들어 와요ᆢ 다른 계정으로 할려고 하니 이메일 인증이 안되고ᆢ 어쩌라구요ᆢ빨리 해결해 주세요,no_specific_comment,no_answer
초라움,1,2019년 6월 10일,no_answer,빅히트 샵에서 사용했던 이메일로 로그인을 하려했더니 비밀번호 조건이 안맞는다고 비밀번호 재설정을 하라 그러던데요 메일을 보내주셔야 재설정을 하든 말든 하죠 저만 그런 것도 아니던데 이 현상 언제 고쳐주시나요,no_specific_comment,no_answer
vita 500,1,2019년 6월 10일,no_answer,로그인버튼 활성화가 안 되서 쓸 수가 없네요.,no_specific_comment,no_answer
정미란,4,2019년 6월 10일,no_answer,서베이 하는데 계속 마지막에 튕깁니다..,no_specific_comment,no_answer
Won C,1,2019년 6월 10일,no_answer,비번 설정이 왜 이렇게 안되나요. 기존에 쓰던 메일로 로그인하려해도 안되고 비번 바꿔도 없다고 나오고 아예 이메일 비번 바꿔도 안되고 메일 비번만 11번을 바꿔도 안됩니다. 사용자의 편리에 맞춰줘야 사용을 하죠. 사용도 못하고 있는데 벌써 짜증나네요,no_specific_comment,no_answer
태태나라,2,2019년 6월 9일,no_answer,로그인이 안돼요... 그래서 계정 바꾸면 포인트 다 날라갈까봐 걱정입니다,no_specific_comment,no_answer
정귀옥,3,2019년 6월 9일,no_answer,좋은데 제 폰으로는 깔 수가 없네요ㅠ 버전이 안 된대요ㅠ,no_specific_comment,no_answer
[한국산아미]온냠,3,2019년 6월 9일,no_answer,다 좋은데 대한민국이라고 저장을 하면 돈을 달러로 하시지 않으셨으면 좋겠어요 햇갈려요,no_specific_comment,no_answer
ᄏᄏ,1,2019년 6월 9일,no_answer,아니 비밀번호를 바꿀수가 없는데요?;;,no_specific_comment,no_answer
애옹,5,2019년 6월 8일,no_answer,👍🤘😁,no_specific_comment,no_answer
김관호,1,2019년 6월 8일,no_answer,회원 가입관련 이메일 인증화면에서 계속 안되어 짜증이 폭발 일보직전임... 내가 멍청한건지 회원 가입하다가 이렇게 열 받기는 처음이다...,no_specific_comment,no_answer
섭둥이지혜,3,2019년 6월 8일,no_answer,무통장입금 추가 좀 해주세요,no_specific_comment,no_answer
9 40912,2,2019년 6월 7일,no_answer,구매하는 방법을 좀 다양하게 넣어주세요;;;,no_specific_comment,no_answer
트헤헿,3,2019년 6월 7일,no_answer,방탄소년단 투모로우바이투게더 두 그룹 모두 좋아하는데 알림 받는 그룹을 한 그룹만 선택할 수 있는게 아쉽네요 그리고 기존에 쓰던 비밀번호에 대문자와 8자 이상의 영문이 없는데 위플리에선 둘 다 쓰라고 하니 어쩔 수 없이 비밀번호를 바꿔야 하네요 빨리 수정해주시길 바랍니다,no_specific_comment,no_answer
소우주보라해,4,2019년 6월 7일,no_answer,위플리를 깔면 앱이 바탕화면에 안나타나요. 원래그런건가요?,no_specific_comment,no_answer
min hye kim,5,2019년 6월 7일,no_answer,좋아요 더 많은 MD 부탁 드려요 ♡♡,no_specific_comment,no_answer
김민우,5,2019년 6월 7일,no_answer,짱조아요,no_specific_comment,no_answer
내가나를모르는데넌들나를알겠느냐,1,2019년 6월 7일,no_answer,만들려면 제대로 만들던가 팬들 돈 쳐빨아다가 이렇게 만드냐 로그인 왜 이따구로 쳐만드세요,no_specific_comment,no_answer
adora P,1,2019년 6월 6일,no_answer,아니 왜 로그인인 안 되나요 해결 좀 해주세요,no_specific_comment,no_answer
박지민에게 탕진잼,3,2019년 6월 6일,no_answer,좋음,no_specific_comment,no_answer
곰냥이,1,2019년 6월 6일,no_answer,아니 왜 비번 바꾸래서 바꿨는데 로그인 버튼이 활성이 안됩니까? 아예 들어가지를 못하고 있잖아요 시작도 못하고 이게 뭔가요 위플리는 도대체 누가 운영하는건가요? 빅힛인가요 아님 다른 투자천가요,no_specific_comment,no_answer
나연,1,2019년 6월 5일,no_answer,아니 비밀번호하라해서 했더니만 확인됬다고는 뜨면서 왜 다음으로 안넘어가지죠 하라고 만든 앱 맞나요 고쳐주세요 이앱깔려고 원래쓰던 앱까지 지워가면서 깐건데 🐶실망입니다 ㅋㅎ,no_specific_comment,no_answer
최혜원,5,2019년 6월 5일,no_answer,빅히트샵 가입자는 비밀번호 리셋해사 대문자 소문자 숫자 특수문자 넣어야되요! ( 포함안되있으면 ),no_specific_comment,no_answer
Soyul Park,1,2019년 6월 5일,no_answer,다른분들은 비번이 안돼서 로그인이 안된다고 하는데 저는 아이디(이메일)부터 안되네요... 너무 황당해요ㅠㅠ 빅히트샵에선 분명 잘 쓰고있던 아이디고 지금도 분명 되는데 위플리에선 이메일부터 가입정보가 없는 아이디라고 하네요... 이거 뭐 어떡해야하죠...?,no_specific_comment,no_answer
윤보라해,5,2019년 6월 5일,no_answer,💎,no_specific_comment,no_answer
BTS잘생겼다!!!,1,2019년 6월 5일,no_answer,원래 사용하던 계정이 카카오톡 간편로그인이여서 거기에 포인트 다 있는데 여기는 카카오톡 로그인이 없어서..포인트가 다 날라간건가요?,no_specific_comment,no_answer
이지민,1,2019년 6월 4일,no_answer,저기 왜 방탄앨범만 있구 굿즈는 안뜨져???,no_specific_comment,no_answer
KHJ,4,2019년 6월 4일,no_answer,비밀번호 재설정하라고 오는 이메일은 모바일에서 확인해서 재설정하기를 해야되요. 전 컴터로 했다가 한참 헤맸음. weply 트위터에 보면 재설정 링크는 꼭 모바일에서 학인해주세요라고 있음. 그거 보고 겨우 성공함.,no_specific_comment,no_answer
# 민포키,2,2019년 6월 4일,no_answer,로그인 왜 안되죠? 버튼 자체가 안뜨는데?,no_specific_comment,no_answer
노정은,3,2019년 6월 4일,no_answer,MD랑 BT21같은 다른굿즈들은 왜 없나요??,no_specific_comment,no_answer
노학진,5,2019년 6월 4일,no_answer,PAYCO 짱^^,no_specific_comment,no_answer
Jung Hun Choi,5,2019년 6월 4일,no_answer,payco 간편결제가 제공되서 짱이다! 왜냐면 포인트 충전해서 결제하믄 2%할인되니까ㅎ 저렴하게 득템!,no_specific_comment,no_answer
"뿌야,",2,2019년 6월 4일,no_answer,분명 이메일 인증을 했는데도 앱에서는 표시가 않돼어 있습니다 여러번 시도했는데도 돼지 않고 있습니다,no_specific_comment,no_answer
HJ. LEE,5,2019년 6월 4일,no_answer,굿즈도 많이많이 올려주세요~,no_specific_comment,no_answer
침침,1,2019년 6월 4일,no_answer,앱이왜이래요? 아니 다시 비번바꿔도 재설정하라고하면 어쩌라는거죠? 이거 만들라고쓴거 맞죠? 로그인부터 못하는데 뭘 살수는 있죠?,no_specific_comment,no_answer
paul Jeong,1,2019년 6월 4일,no_answer,이메일 주소로 비밀번호 재설정 메일을 발송하면 위플리 설치하라고 하고 위플리 설치해서 뭘 어쩌라는 거지요? 위플리에서는 이메일 주소로 비밀번호 재설정 메일을 발송하면 위플리 설치하라고 하고... 무한 반복 장난해요?,no_specific_comment,no_answer
chaey kye,2,2019년 6월 3일,no_answer,빅히트샵에서 쓰던 아이디를 썼는데 위플리에서는 대문자 포함이래서 빅힛샵이랑 다르게 설정했는데 그럼 빅힛샵 비번 따로 위플리 비번 따로 기억해야해서 불편해요. 두개 비번 같은걸로 바꿔주세요. 그리고 앱 안에 검색기능도 추가해주세요. 굳이 이 앱을 만들 필요성이 있었나요..? 빅힛샵으로 충분했는데..,no_specific_comment,no_answer
_JK Luna,4,2019년 6월 3일,no_answer,계속 비번 입력이 안 되네요.. 빅히트샵에서 했던 그대로 하는데 비번 완료가 안되고 바꾸려고 해도 안 돼요,no_specific_comment,no_answer
찐꾸꾸,4,2019년 6월 3일,no_answer,이메일 인증이 잘 않되는거 말곤 정말 유용해요,no_specific_comment,no_answer
SuJin Kim,1,2019년 6월 3일,no_answer,비번이 안바꿔져요. 비밀번호변경하려고 하는데..오류인지 바꾼후 비밀번호 확인버튼이 안눌려요 빠른개선부탁드립니다,no_specific_comment,no_answer
신은주,1,2019년 6월 3일,no_answer,이름 바꿀시간에 제대로 일이나 하세요,no_specific_comment,no_answer
병아리반,5,2019년 6월 3일,no_answer,전 앱보다 훨씬 앱이 자체가 깔끔하고 방탄이랑 TXT나누어져있어서 보기도 편하고 좋은거 같아요 로그인 하는것도 그렇게 어렵지도 않고 좋은 앱인거 같아서 앞으로 자주쓸거 같네요,no_specific_comment,no_answer
니들,5,2019년 6월 3일,no_answer,좋아용,no_specific_comment,no_answer
ᄋᄉᄋ,5,2019년 6월 3일,no_answer,오 첫리뷰!기대중이에여,no_specific_comment,no_answer
박찬희,3,2019년 6월 3일,no_answer,아니... 웰케 복잡해요?... 전에께 훨씬 좋았던 것 같네요...,no_specific_comment,no_answer
Ej 95,3,2019년 6월 3일,no_answer,저만그런줄알았는데 다른분들리뷰보니 저랑같네요 로그인버튼 안되네요 어떻게로그인하라는건지... 빅히 트샵이 편하네요 오히려..,no_specific_comment,no_answer
이가빈,4,2019년 6월 3일,no_answer,이거 계속 비밀번호가 입력이 안되는데..전회원인데..뭐가 잘못됬나요?? 이메일도 보냈는데 답장이 없길래..비번재설정도 안돼고..확인해주세요..((사용은 안해봤지만 괜찮은 것 같아요!!,no_specific_comment,no_answer
관종채린,3,2019년 6월 3일,no_answer,방탄 ( bts ) 때문에 설치 .. 어머 제가 1등인가 ..,no_specific_comment,no_answer
전하은,5,2019년 6월 3일,no_answer,"앱이 깔끔하니 보기 좋네요! 빅히트, 서버증축 부탁드리고 굿즈 물량도 항상 넉넉히 뽑아주세요~~ 우리의 지갑은 항상 당신에게 열려있어요!! 감사합니다💜",no_specific_comment,no_answer
WINGS Two,4,2019년 6월 3일,no_answer,빅히트샵에서 썼던 비밀번호가 대문자가 안들어가는데 로그인을 위해서 비밀번호 변경을 하려하니 에러났다고 영어로 뜨는 것 같아요 어떻게 해야하죠?,no_specific_comment,no_answer
커피달콤민트라떼,3,2019년 6월 3일,no_answer,제가요 로그인을 하려고 하는데 원래계정으로 하는데 원래계정에 8개이상의 영단어가포함이 안 되있었서 너무 짜증이 납니다. 비밀번호를 모르겠다 해서 계정으로 온 링크를 누르니까 앱잉설치가 않되있다고 하네요.저는 앱이 설치되 있는데 말이죠.,no_specific_comment,no_answer
rosy Kim,5,2019년 6월 3일,no_answer,자주 옮기지좀 말아주세여 고객대응 잘해주세여 ㅠ.ㅜ 돈주고 사는데 왜이리 어렵나요ㅠㅜ 그리고 서버 제발 튼튼하게 해주세요🙏🙏🙏,no_specific_comment,no_answer
ᄋᄋ,3,2019년 6월 3일,no_answer,왜 이름꺼지 바꾼거져...수량만 늘려주시면 덕질의 질이 높아집니다...수령 좀 믈려주세요ㅠㅠㅠㅠ,no_specific_comment,no_answer
루에,5,2019년 6월 3일,no_answer,빅히트샵때 앱으로 나오면 좋겠다고 생각했는데 나와서 좋아요,no_specific_comment,no_answer
어다빈,3,2019년 6월 3일,no_answer,빅히트 이런거 만들시간은있고 한국콘 일정 잡을 시간은 없으신가요,no_specific_comment,no_answer
이수연,1,2019년 6월 3일,no_answer,비밀번호 변경하는 곳이 없는데 어떻게 로그인해요??,no_specific_comment,no_answer
bbidori mom,3,2019년 6월 3일,no_answer,기존에 빅히트샵에서 구매한 품목들은 업데이트가 안되나요? 확인하고 싶을 때에는 기존 빅히트샵으로 가서 확인해야하는건가요?,no_specific_comment,no_answer
Jess bonobono,5,2019년 6월 3일,no_answer,App이 생겨서 너무 좋고 UI도 깔끔해서 사용하기 편리합니다. 오픈기념 이벤트도 있으면 좋겠어요~ BTS가 잘되길바라며~ 황금막내 정국♡,no_specific_comment,no_answer
Gwangsook Kim,1,2019년 6월 3일,no_answer,로그인 안되는데요--;; 모지모지? 그냥 빅히트샵이 편했어ㅠㅠ,no_specific_comment,no_answer
지희최,3,2019년 6월 3일,no_answer,공식굿즈가앨범이랑 DVD밖에없네요...다른걸기대한 제가 바본가요?ㅎ,no_specific_comment,no_answer
김조영,5,2019년 6월 3일,no_answer,믿는다 빅힛,no_specific_comment,no_answer
플로리현,1,2019년 6월 3일,no_answer,왜 로그인이 안될까요?ㅡㅡ 비번 변경하기해도 로그인이 안눌러지네요,no_specific_comment,no_answer
고아라,5,2019년 6월 3일,no_answer,빠르게 다운받는다,no_specific_comment,no_answer
jeongmin park,5,2019년 6월 3일,no_answer,내가 사랑하니 방탄상품을 만날 수 있어 행복해!!,no_specific_comment,no_answer
김보경,3,2019년 6월 3일,no_answer,깔끔하고 괜찮은데 다음화면으로 넘어갈때 약간 딜레이 되더라고요.. 그리고 검색하고싶은데 검색기능이 없어서 좀 그랬어요. 검색기능 추가해주시면 좋겠습니당,no_specific_comment,no_answer
더럽love,1,2019년 6월 3일,no_answer,도대체 비밀번호 재설정을 어디서 하라는거예요? 계속 같은상황만 반복해대니 짜증나 미치겠다구요.,no_specific_comment,no_answer
인생,4,2019년 6월 3일,no_answer,"앱으로 출시된건 너무 고마운데, 로그인 페이지에서 비밀번호에서 이전에쓰던 비번을 써도 버튼이 활성화가 안되는건 뭐죠ㅋㅋㅋ 조건에맞게 강제로 비번 새로 바꾸라는건가요...보안차원에서 하라는건 알겟는데 정보수정페이지도 아니고 로그인 페이지에서..? ㅜ그리구 굿즈 페이지가 없네요. 앨범이나 디븨디 책만있구.. 제가 못찾은건지.. 이미 품절된 상품들이라도 있어야 한다고 생각해요.",no_specific_comment,no_answer
김아림,1,2019년 6월 3일,no_answer,서❗버❗ 확❗장❗,no_specific_comment,no_answer
BT BTS,5,2019년 6월 3일,no_answer,서버만 튼튼했으면 좋겠네요.,no_specific_comment,no_answer
신민선,1,2019년 6월 3일,no_answer,비밀번호에 조건을 달면 어떻게 로그인 하라는거죠? 하여간 일도 못하면서 벌려놓기만 하는 그 소속사답네요,no_specific_comment,no_answer
지밍지밍,5,2019년 6월 3일,no_answer,비번변경에서 저장이안되요,no_specific_comment,no_answer
진진,5,2019년 6월 3일,no_answer,서버 잘 되게 해주세요,no_specific_comment,no_answer
Haura Tazkia,5,2019년 6월 3일,no_answer,"OMG, TO MADE THIS APP FOR BUY ALL MERCH BTS, ALBUM AND ETC. THANK YOU SO MUCH I LOVE YOU😍❤",no_specific_comment,no_answer
